CT2:dynamic:4af5fc3a;2) Modern Ciphers
CT2:dynamic:849b7956;7) Modern Cryptanalysis
CT2:dynamic:3704867d;7) Modern Cryptanalysis
CT2:dynamic:70430969;2) Modern Ciphers
CT2:dynamic:caa05481;2) Modern Ciphers
CT2:dynamic:78dd1227;1) Classic Ciphers
CT2:dynamic:9338c248;1) Classic Ciphers
CT2:dynamic:309161d2;1) Classic Ciphers
CT2:dynamic:c1d88fbd;1) Classic Ciphers
CT2:dynamic:ed3d8fb4;2) Modern Ciphers
CT2:dynamic:692704c2;2) Modern Ciphers
CT2:dynamic:429f2c9e;2) Modern Ciphers
CT2:dynamic:12cad37b;2) Modern Ciphers
CT2:dynamic:cea4999a;2) Modern Ciphers
CT2:dynamic:26b5a77c;2) Modern Ciphers
CT2:dynamic:26e6d2f7;2) Modern Ciphers
CT2:dynamic:2a8094f0;2) Modern Ciphers
CT2:dynamic:3e90b60c;2) Modern Ciphers
CT2:dynamic:7fa1b294;2) Modern Ciphers
CT2:dynamic:d6b72934;2) Modern Ciphers
CT2:dynamic:985eaa62;2) Modern Ciphers
CT2:dynamic:3ebfd367;2) Modern Ciphers
CT2:dynamic:bc4cc890;2) Modern Ciphers
CT2:dynamic:c556ef35;2) Modern Ciphers
CT2:dynamic:fce6b4ec;2) Modern Ciphers
CT2:dynamic:8a89ddb5;2) Modern Ciphers
CT2:dynamic:56d0bc0d;7) Modern Cryptanalysis
CT2:dynamic:3efcb248;7) Modern Cryptanalysis
CT2:dynamic:17bf3c82;7) Modern Cryptanalysis
CT2:dynamic:5b5522c2;10) Learning Aids and Visualizations
CT2:dynamic:3730e2a0;10) Learning Aids and Visualizations
CT2:dynamic:84d875b8;6) Classic Cryptanalysis
CT2:dynamic:700d1038;6) Classic Cryptanalysis
CT2:dynamic:2c09e4b9;6) Classic Cryptanalysis
CT2:dynamic:cf0ca175;9) Codings
CT2:dynamic:668a651e;6) Classic Cryptanalysis
CT2:dynamic:3a25e43b;10) Learning Aids and Visualizations
CT2:dynamic:228cfaea;10) Learning Aids and Visualizations
CT2:dynamic:80108ced;10) Learning Aids and Visualizations
CT2:dynamic:368f9680;10) Learning Aids and Visualizations
CT2:dynamic:beb57cd2;10) Learning Aids and Visualizations
CT2:dynamic:161c7c62;10) Learning Aids and Visualizations
CT2:dynamic:05d8d217;10) Learning Aids and Visualizations
CT2:dynamic:b40d4ec4;9) Codings
CT2:dynamic:4ae1f668;9) Codings
CT2:dynamic:75f07b3c;10) Learning Aids and Visualizations
CT2:dynamic:6a7dbe6c;13) Protocols
CT2:dynamic:f8bd6c35;13) Protocols
CT2:dynamic:e9971120;13) Protocols
CT2:dynamic:3b25f6af;13) Protocols
CT2:dynamic:3cc215f5;13) Protocols
CT2:dynamic:48181edc;13) Protocols
CT2:dynamic:75f07b3c;13) Protocols
CT2:dynamic:aaa9c383;13) Protocols
CT2:dynamic:71380448;10) Learning Aids and Visualizations
CT2:dynamic:71380448;13) Protocols
CT2:dynamic:30b94932;7) Modern Cryptanalysis
CT2:dynamic:5c6dd2dd;7) Modern Cryptanalysis
CT2:dynamic:86a96481;7) Modern Cryptanalysis
CT2:dynamic:99f2dfb3;7) Modern Cryptanalysis
CT2:dynamic:1751bd64;13) Protocols
CT2:dynamic:99f2dfb3;13) Protocols
CT2:dynamic:b908c2d6;3) Hash and MAC Algorithms
CT2:dynamic:9f863040;3) Hash and MAC Algorithms
CT2:dynamic:8ee42e8b;3) Hash and MAC Algorithms
CT2:dynamic:6d132d29;3) Hash and MAC Algorithms
CT2:dynamic:ca600068;14) Tools
CT2:dynamic:4aebc5f3;14) Tools
CT2:dynamic:46cd2702;14) Tools
CT2:dynamic:4f04d6b2;14) Tools
CT2:dynamic:e2288222;14) Tools
CT2:dynamic:e1157b1d;1) Classic Ciphers
CT2:dynamic:15c0cc31;1) Classic Ciphers
CT2:dynamic:56ade7e0;1) Classic Ciphers
CT2:dynamic:7a3b0e22;6) Classic Cryptanalysis
CT2:dynamic:775c7f1b;6) Classic Cryptanalysis
CT2:dynamic:8455f395;6) Classic Cryptanalysis
CT2:dynamic:dc4b2d79;6) Classic Cryptanalysis
CT2:dynamic:acfe9015;2) Modern Ciphers
CT2:dynamic:f927f833;2) Modern Ciphers
CT2:dynamic:3c844cd5;14) Tools
CT2:dynamic:e27587e0;10) Learning Aids and Visualizations
CT2:dynamic:d08cfbb3;13) Protocols
CT2:dynamic:cbe6e870;7) Modern Cryptanalysis
CT2:dynamic:4f7c9ed3;7) Modern Cryptanalysis
CT2:dynamic:d635a949;7) Modern Cryptanalysis
CT2:dynamic:c336fcd1;7) Modern Cryptanalysis
CT2:dynamic:a5de0ecb;7) Modern Cryptanalysis
CT2:dynamic:27bf7c70;7) Modern Cryptanalysis
CT2:dynamic:1c1025a8;7) Modern Cryptanalysis
CT2:dynamic:14bd5b3d;7) Modern Cryptanalysis
CT2:dynamic:534d0ef2;7) Modern Cryptanalysis
CT2:dynamic:330f7b3c;7) Modern Cryptanalysis
CT2:dynamic:b5a063e6;7) Modern Cryptanalysis
CT2:dynamic:a75d709b;7) Modern Cryptanalysis
CT2:dynamic:a9570da4;7) Modern Cryptanalysis
CT2:dynamic:d67de23b;7) Modern Cryptanalysis
CT2:dynamic:95fe06db;7) Modern Cryptanalysis
CT2:dynamic:dfb2fc2d;7) Modern Cryptanalysis
CT2:dynamic:6abc716d;2) Modern Ciphers
CT2:dynamic:9b92a8da;2) Modern Ciphers
CT2:dynamic:7e179770;2) Modern Ciphers
CT2:dynamic:9b92a8da;2) Modern Ciphers
CT2:dynamic:08396586;3) Hash and MAC Algorithms
CT2:dynamic:4d3a7acf;3) Hash and MAC Algorithms
CT2:dynamic:992d1f3d;3) Hash and MAC Algorithms
CT2:dynamic:191c8f05;3) Hash and MAC Algorithms
CT2:dynamic:4f9aff73;3) Hash and MAC Algorithms
CT2:dynamic:ef07cb37;3) Hash and MAC Algorithms
CT2:dynamic:40eeeaee;3) Hash and MAC Algorithms
CT2:dynamic:c995f096;3) Hash and MAC Algorithms
CT2:dynamic:acb3b159;3) Hash and MAC Algorithms
CT2:dynamic:434eb4c7;3) Hash and MAC Algorithms
CT2:dynamic:e27f53df;3) Hash and MAC Algorithms
CT2:dynamic:f4b544b6;3) Hash and MAC Algorithms
CT2:dynamic:52b010e7;3) Hash and MAC Algorithms
CT2:dynamic:859bf9e9;3) Hash and MAC Algorithms
CT2:dynamic:a62588d0;3) Hash and MAC Algorithms
CT2:dynamic:db8df7a3;3) Hash and MAC Algorithms
CT2:dynamic:46890f4f;3) Hash and MAC Algorithms
CT2:dynamic:d21d38a5;3) Hash and MAC Algorithms
CT2:dynamic:29816a30;3) Hash and MAC Algorithms
CT2:dynamic:f7c4c595;3) Hash and MAC Algorithms
CT2:dynamic:c4c064af;3) Hash and MAC Algorithms
CT2:dynamic:2587a3a5;3) Hash and MAC Algorithms
CT2:dynamic:1ff19d5e;3) Hash and MAC Algorithms
CT2:dynamic:25094ee6;3) Hash and MAC Algorithms
CT2:dynamic:1ff0d829;3) Hash and MAC Algorithms
CT2:dynamic:873b9d0b;3) Hash and MAC Algorithms
CT2:dynamic:49bbbd09;3) Hash and MAC Algorithms
CT2:dynamic:da13490f;3) Hash and MAC Algorithms
CT2:dynamic:99825234;3) Hash and MAC Algorithms
CT2:dynamic:5934f5f4;3) Hash and MAC Algorithms
CT2:dynamic:ca0c3aa4;3) Hash and MAC Algorithms
CT2:dynamic:c1e5a1df;3) Hash and MAC Algorithms
CT2:dynamic:e877537f;3) Hash and MAC Algorithms
CT2:dynamic:2ebc0470;3) Hash and MAC Algorithms
CT2:dynamic:65c4071d;3) Hash and MAC Algorithms
CT2:dynamic:612fa433;3) Hash and MAC Algorithms
CT2:dynamic:af0ef943;3) Hash and MAC Algorithms
CT2:dynamic:4dd1cf34;3) Hash and MAC Algorithms
CT2:dynamic:a749bdad;3) Hash and MAC Algorithms
CT2:dynamic:79572c3f;3) Hash and MAC Algorithms
CT2:dynamic:98eac7fc;3) Hash and MAC Algorithms
CT2:dynamic:0ade5fd0;3) Hash and MAC Algorithms
CT2:dynamic:4495eb0e;3) Hash and MAC Algorithms
CT2:dynamic:a3d3a75f;3) Hash and MAC Algorithms
CT2:dynamic:3b03aa9e;3) Hash and MAC Algorithms
CT2:dynamic:9d8fb3e0;3) Hash and MAC Algorithms
CT2:dynamic:5375764f;3) Hash and MAC Algorithms
CT2:dynamic:b2e5dcf5;3) Hash and MAC Algorithms
CT2:dynamic:5f5e451c;3) Hash and MAC Algorithms
CT2:dynamic:f41831a5;3) Hash and MAC Algorithms
CT2:dynamic:73a6b439;3) Hash and MAC Algorithms
CT2:dynamic:7ad5cc72;3) Hash and MAC Algorithms
CT2:dynamic:f98875d7;3) Hash and MAC Algorithms
CT2:dynamic:170b0ae8;3) Hash and MAC Algorithms
CT2:dynamic:af2f2fbe;3) Hash and MAC Algorithms
CT2:dynamic:93b6946d;3) Hash and MAC Algorithms
CT2:dynamic:eb7358b1;3) Hash and MAC Algorithms
CT2:dynamic:ee07e723;3) Hash and MAC Algorithms
CT2:dynamic:7089cb13;3) Hash and MAC Algorithms
CT2:dynamic:1a66208e;3) Hash and MAC Algorithms
CT2:dynamic:46c3e73f;3) Hash and MAC Algorithms
CT2:dynamic:e31dbea8;3) Hash and MAC Algorithms
CT2:dynamic:dc8fb128;3) Hash and MAC Algorithms
CT2:dynamic:956890eb;3) Hash and MAC Algorithms
CT2:dynamic:5fe80eee;3) Hash and MAC Algorithms
CT2:dynamic:7a4672c2;3) Hash and MAC Algorithms
CT2:dynamic:cf102920;3) Hash and MAC Algorithms
CT2:dynamic:436f6b77;3) Hash and MAC Algorithms
CT2:dynamic:7178ca78;3) Hash and MAC Algorithms
CT2:dynamic:e9345a58;3) Hash and MAC Algorithms
CT2:dynamic:6c3e79c4;3) Hash and MAC Algorithms
CT2:dynamic:101bc8d5;3) Hash and MAC Algorithms
CT2:dynamic:4a980f1d;3) Hash and MAC Algorithms
CT2:dynamic:951f0867;3) Hash and MAC Algorithms
CT2:dynamic:e56195ea;3) Hash and MAC Algorithms
CT2:dynamic:2998349b;3) Hash and MAC Algorithms
CT2:dynamic:cdb58702;3) Hash and MAC Algorithms
CT2:dynamic:639769a6;3) Hash and MAC Algorithms
CT2:dynamic:2f102659;3) Hash and MAC Algorithms
CT2:dynamic:97f17930;3) Hash and MAC Algorithms
CT2:dynamic:00a6eb12;3) Hash and MAC Algorithms
CT2:dynamic:c2f0a3a0;3) Hash and MAC Algorithms
CT2:dynamic:d23a353a;3) Hash and MAC Algorithms
CT2:dynamic:8dd2ebcd;3) Hash and MAC Algorithms
CT2:dynamic:8326b63e;3) Hash and MAC Algorithms
CT2:dynamic:d7c9deb1;3) Hash and MAC Algorithms
CT2:dynamic:a3ae059e;3) Hash and MAC Algorithms
CT2:dynamic:f28758a6;3) Hash and MAC Algorithms
CT2:dynamic:0b1f40c9;3) Hash and MAC Algorithms
CT2:dynamic:86cd197d;3) Hash and MAC Algorithms
CT2:dynamic:bbe8bba5;3) Hash and MAC Algorithms
CT2:dynamic:bfdf1150;3) Hash and MAC Algorithms
CT2:dynamic:083cef20;3) Hash and MAC Algorithms
CT2:dynamic:d9a2c259;3) Hash and MAC Algorithms
CT2:dynamic:7f8ef3b6;3) Hash and MAC Algorithms
CT2:dynamic:e7f98bc0;3) Hash and MAC Algorithms
CT2:dynamic:f9dab373;3) Hash and MAC Algorithms
CT2:dynamic:bacb08ea;3) Hash and MAC Algorithms
CT2:dynamic:380daa93;3) Hash and MAC Algorithms
CT2:dynamic:e0e5e653;3) Hash and MAC Algorithms
CT2:dynamic:bc9a7f13;3) Hash and MAC Algorithms
CT2:dynamic:d5809e07;3) Hash and MAC Algorithms
CT2:dynamic:a3d62e91;3) Hash and MAC Algorithms
CT2:dynamic:443e3bbc;3) Hash and MAC Algorithms
CT2:dynamic:84f3f1ff;3) Hash and MAC Algorithms
CT2:dynamic:cd037a16;3) Hash and MAC Algorithms
CT2:dynamic:df7f2391;3) Hash and MAC Algorithms
CT2:dynamic:df0f17af;3) Hash and MAC Algorithms
CT2:dynamic:16f874bd;3) Hash and MAC Algorithms
CT2:dynamic:85ced967;3) Hash and MAC Algorithms
CT2:dynamic:60354bc6;3) Hash and MAC Algorithms
CT2:dynamic:78ec0e16;3) Hash and MAC Algorithms
CT2:dynamic:e9f82337;3) Hash and MAC Algorithms
CT2:dynamic:bcb80dd5;3) Hash and MAC Algorithms
CT2:dynamic:a2b69889;3) Hash and MAC Algorithms
CT2:dynamic:fc8cf1bf;3) Hash and MAC Algorithms
CT2:dynamic:e1313465;3) Hash and MAC Algorithms
CT2:dynamic:96cf4d29;3) Hash and MAC Algorithms
CT2:dynamic:d6862410;3) Hash and MAC Algorithms
CT2:dynamic:bd531e51;3) Hash and MAC Algorithms
CT2:dynamic:fa455355;3) Hash and MAC Algorithms
CT2:dynamic:27822e2f;3) Hash and MAC Algorithms
CT2:dynamic:0cf73e12;3) Hash and MAC Algorithms
CT2:dynamic:c5afe74e;3) Hash and MAC Algorithms
CT2:dynamic:d09cd03f;7) Modern Cryptanalysis
CT2:dynamic:66a933f0;7) Modern Cryptanalysis
CT2:dynamic:3efe3978;6) Classic Cryptanalysis
CT2:dynamic:6b79a1fa;10) Learning Aids and Visualizations
CT2:dynamic:cc3efcc9;10) Learning Aids and Visualizations
CT2:dynamic:f85955ed;10) Learning Aids and Visualizations
CT2:dynamic:ef9dd30f;2) Modern Ciphers
CT2:dynamic:9a9f8cf5;2) Modern Ciphers
CT2:dynamic:125d856f;2) Modern Ciphers
CT2:dynamic:8b410627;2) Modern Ciphers
CT2:dynamic:2c9875ab;2) Modern Ciphers
CT2:dynamic:19bfdc3f;2) Modern Ciphers
CT2:dynamic:f0d8a492;2) Modern Ciphers
CT2:dynamic:19ad1925;2) Modern Ciphers
CT2:dynamic:ab557c38;2) Modern Ciphers
CT2:dynamic:9842c956;2) Modern Ciphers
CT2:dynamic:29d8164f;2) Modern Ciphers
CT2:dynamic:adb57061;2) Modern Ciphers
CT2:dynamic:98b67d03;7) Modern Cryptanalysis
CT2:dynamic:39c48e25;7) Modern Cryptanalysis
CT2:dynamic:dcebca37;7) Modern Cryptanalysis
CT2:dynamic:c75e5393;10) Learning Aids and Visualizations
CT2:dynamic:245516c8;10) Learning Aids and Visualizations
CT2:dynamic:59e67aa4;6) Classic Cryptanalysis
CT2:dynamic:d30be754;6) Classic Cryptanalysis
CT2:dynamic:1cb9c1a6;6) Classic Cryptanalysis
CT2:dynamic:28fe7b91;6) Classic Cryptanalysis
CT2:dynamic:8ee72280;6) Classic Cryptanalysis
CT2:dynamic:60dbbf45;6) Classic Cryptanalysis
CT2:dynamic:4d6ccc88;10) Learning Aids and Visualizations
CT2:dynamic:4d6ccc88;13) Protocols
CT2:dynamic:a1257b67;7) Modern Cryptanalysis
CT2:dynamic:3603128b;7) Modern Cryptanalysis
CT2:dynamic:95bbaac3;2) Modern Ciphers
CT2:dynamic:6ff31247;2) Modern Ciphers
CT2:dynamic:c62e55c4;1) Classic Ciphers
CT2:dynamic:0b470794;1) Classic Ciphers
CT2:dynamic:f051a294;1) Classic Ciphers
CT2:dynamic:35792196;1) Classic Ciphers
CT2:dynamic:0b4fa3ca;1) Classic Ciphers
CT2:dynamic:a766012a;6) Classic Cryptanalysis
CT2:dynamic:6411f75d;6) Classic Cryptanalysis
CT2:dynamic:ab0e3f8d;6) Classic Cryptanalysis
CT2:dynamic:c213e48d;10) Learning Aids and Visualizations
CT2:dynamic:40b3ca11;6) Classic Cryptanalysis
CT2:dynamic:6977443c;12) Prime numbers
CT2:dynamic:1aaa7bb4;12) Prime numbers
CT2:dynamic:2bdb192f;12) Prime numbers
CT2:dynamic:bd56a87d;12) Prime numbers
CT2:dynamic:8574f91e;6) Classic Cryptanalysis
CT2:dynamic:909e85e9;6) Classic Cryptanalysis
CT2:dynamic:ea81d0bc;6) Classic Cryptanalysis
CT2:dynamic:e7c56680;6) Classic Cryptanalysis
CT2:dynamic:d81d9b71;6) Classic Cryptanalysis
CT2:dynamic:9a48d7c9;6) Classic Cryptanalysis
CT2:dynamic:2e05597d;6) Classic Cryptanalysis
CT2:dynamic:bfdf9d34;6) Classic Cryptanalysis
CT2:dynamic:50b65de0;6) Classic Cryptanalysis
CT2:dynamic:6bd4aaf1;6) Classic Cryptanalysis
CT2:dynamic:d29452d6;6) Classic Cryptanalysis
CT2:dynamic:2de1ba7e;6) Classic Cryptanalysis
CT2:dynamic:afd29606;6) Classic Cryptanalysis
CT2:dynamic:924fd88e;6) Classic Cryptanalysis
CT2:dynamic:ca4cb5bd;6) Classic Cryptanalysis
CT2:dynamic:c538136b;7) Modern Cryptanalysis
CT2:dynamic:1d2be7ef;7) Modern Cryptanalysis
CT2:dynamic:9c3cea14;12) Prime numbers
CT2:dynamic:e5d912bc;12) Prime numbers
CT2:dynamic:31b478d3;12) Prime numbers
CT2:dynamic:724dee5f;12) Prime numbers
CT2:dynamic:453aaa14;12) Prime numbers
CT2:dynamic:cea71684;12) Prime numbers
CT2:dynamic:06d5582e;12) Prime numbers
CT2:dynamic:d270be37;2) Modern Ciphers
CT2:dynamic:6f7a82a7;2) Modern Ciphers
CT2:dynamic:fa63dc1f;3) Hash and MAC Algorithms
CT2:dynamic:28882b3d;3) Hash and MAC Algorithms
CT2:dynamic:c2dd168b;3) Hash and MAC Algorithms
CT2:dynamic:bc5ab66c;3) Hash and MAC Algorithms
CT2:dynamic:24e0c389;9) Codings
CT2:dynamic:576a911c;9) Codings
CT2:dynamic:6a6e8d39;9) Codings
CT2:dynamic:bb9aca6f;9) Codings
CT2:dynamic:da0590fb;2) Modern Ciphers
CT2:dynamic:450029c3;2) Modern Ciphers
CT2:dynamic:b658c407;7) Modern Cryptanalysis
CT2:dynamic:61e10fa7;2) Modern Ciphers
CT2:dynamic:d632eb64;1) Classic Ciphers
CT2:dynamic:0413925b;1) Classic Ciphers
CT2:dynamic:16ce06f3;3) Hash and MAC Algorithms
CT2:dynamic:8f746853;3) Hash and MAC Algorithms
CT2:dynamic:79b11dce;10) Learning Aids and Visualizations
CT2:dynamic:10859d58;10) Learning Aids and Visualizations
CT2:dynamic:d6769cac;9) Codings
CT2:dynamic:a59a3212;9) Codings
CT2:dynamic:cdf8d801;9) Codings
CT2:dynamic:377ff004;9) Codings
CT2:dynamic:18f8e15b;7) Modern Cryptanalysis
CT2:dynamic:f3c320ff;7) Modern Cryptanalysis
CT2:dynamic:56f52758;3) Hash and MAC Algorithms
CT2:dynamic:ba3e16e2;3) Hash and MAC Algorithms
CT2:dynamic:2cfd125c;3) Hash and MAC Algorithms
CT2:dynamic:d6234f8e;8) Steganography
CT2:dynamic:7b0b4b75;8) Steganography
CT2:dynamic:01f68da7;8) Steganography
CT2:dynamic:7e789e47;8) Steganography
CT2:dynamic:3b8580ce;3) Hash and MAC Algorithms
CT2:dynamic:a613407a;3) Hash and MAC Algorithms
CT2:dynamic:0429ed0e;6) Classic Cryptanalysis
CT2:dynamic:543c88c4;3) Hash and MAC Algorithms
CT2:dynamic:57e102f0;3) Hash and MAC Algorithms
CT2:dynamic:69578319;7) Modern Cryptanalysis
CT2:dynamic:4f5b2e78;7) Modern Cryptanalysis
CT2:dynamic:1f26bc54;7) Modern Cryptanalysis
CT2:dynamic:12da8bdb;7) Modern Cryptanalysis
CT2:dynamic:a86a070e;7) Modern Cryptanalysis
CT2:dynamic:560e0f35;7) Modern Cryptanalysis
CT2:dynamic:51981e14;7) Modern Cryptanalysis
CT2:dynamic:52158c8a;7) Modern Cryptanalysis
CT2:dynamic:49f798f9;7) Modern Cryptanalysis
CT2:dynamic:b3d498b4;7) Modern Cryptanalysis
CT2:dynamic:54854a8e;7) Modern Cryptanalysis
CT2:dynamic:d8b41305;7) Modern Cryptanalysis
CT2:dynamic:cc4c3c46;10) Learning Aids and Visualizations
CT2:dynamic:9cbfeccf;10) Learning Aids and Visualizations
CT2:dynamic:c40214fc;10) Learning Aids and Visualizations
CT2:dynamic:8020be4c;10) Learning Aids and Visualizations
CT2:dynamic:b764b2d0;10) Learning Aids and Visualizations
CT2:dynamic:3a0c4c1b;10) Learning Aids and Visualizations
CT2:dynamic:8b0387eb;10) Learning Aids and Visualizations
CT2:dynamic:a1e7eabb;8) Steganography
CT2:dynamic:71e3f0bd;8) Steganography
CT2:dynamic:d8eddf97;8) Steganography
CT2:dynamic:81db7f25;8) Steganography
CT2:dynamic:761aec10;2) Modern Ciphers
CT2:dynamic:5c346662;2) Modern Ciphers
CT2:dynamic:cba7ec68;1) Classic Ciphers
CT2:dynamic:a11ff65c;1) Classic Ciphers
CT2:dynamic:9581a96b;1) Classic Ciphers
CT2:dynamic:58ac5854;6) Classic Cryptanalysis
CT2:dynamic:41314987;6) Classic Cryptanalysis
CT2:dynamic:221229fe;6) Classic Cryptanalysis
CT2:dynamic:2a5e6978;6) Classic Cryptanalysis
CT2:dynamic:e9f45fe4;1) Classic Ciphers
CT2:dynamic:82eb0b41;1) Classic Ciphers
CT2:dynamic:deb201bc;1) Classic Ciphers
CT2:dynamic:48f81e51;3) Hash and MAC Algorithms
CT2:dynamic:bbfcf2c8;3) Hash and MAC Algorithms
CT2:dynamic:d9415b75;3) Hash and MAC Algorithms
CT2:dynamic:5a242385;3) Hash and MAC Algorithms
CT2:dynamic:7a8db9e7;3) Hash and MAC Algorithms
CT2:dynamic:502119a8;3) Hash and MAC Algorithms
CT2:dynamic:1ef55034;3) Hash and MAC Algorithms
CT2:dynamic:ce7e011d;3) Hash and MAC Algorithms
CT2:dynamic:a91123d0;7) Modern Cryptanalysis
CT2:dynamic:958227dd;7) Modern Cryptanalysis
CT2:dynamic:92a80a76;2) Modern Ciphers
CT2:dynamic:84511b5a;2) Modern Ciphers
CT2:dynamic:36ddc557;3) Hash and MAC Algorithms
CT2:dynamic:ad57401c;3) Hash and MAC Algorithms
CT2:dynamic:109b5c28;6) Classic Cryptanalysis
CT2:dynamic:b0894a9d;6) Classic Cryptanalysis
CT2:dynamic:8fe14760;9) Codings
CT2:dynamic:3e4c9d95;9) Codings
CT2:dynamic:c62a8708;9) Codings
CT2:dynamic:c5e98e83;1) Classic Ciphers
CT2:dynamic:4103946c;10) Learning Aids and Visualizations
CT2:dynamic:7372218c;10) Learning Aids and Visualizations
CT2:dynamic:1abe2d15;1) Classic Ciphers
CT2:dynamic:8df7fad0;1) Classic Ciphers
CT2:dynamic:465047f2;2) Modern Ciphers
CT2:dynamic:962f3a0c;2) Modern Ciphers
CT2:dynamic:9cfcf225;10) Learning Aids and Visualizations
CT2:dynamic:6e9fa83b;10) Learning Aids and Visualizations
CT2:dynamic:2f9ac5d5;10) Learning Aids and Visualizations
CT2:dynamic:1c45141f;10) Learning Aids and Visualizations
CT2:dynamic:b4916bd4;10) Learning Aids and Visualizations
CT2:dynamic:c54a5af6;10) Learning Aids and Visualizations
CT2:dynamic:bc9a92b1;10) Learning Aids and Visualizations
CT2:dynamic:c54a5af6;10) Learning Aids and Visualizations
CT2:dynamic:b4916bd4;13) Protocols
CT2:dynamic:c54a5af6;13) Protocols
CT2:dynamic:bc9a92b1;13) Protocols
CT2:dynamic:c54a5af6;13) Protocols
CT2:dynamic:27d843c4;7) Modern Cryptanalysis
CT2:dynamic:5f0f0ef1;7) Modern Cryptanalysis
CT2:dynamic:c8bef130;7) Modern Cryptanalysis
CT2:dynamic:fa190d51;7) Modern Cryptanalysis
CT2:dynamic:1eccc0d7;7) Modern Cryptanalysis
CT2:dynamic:fa190d51;7) Modern Cryptanalysis
CT2:dynamic:34ca93c6;7) Modern Cryptanalysis
CT2:dynamic:f3c2d779;7) Modern Cryptanalysis
CT2:dynamic:0f16205d;2) Modern Ciphers
CT2:dynamic:f857f848;2) Modern Ciphers
CT2:dynamic:e6771de9;2) Modern Ciphers
CT2:dynamic:0075e8ac;2) Modern Ciphers
CT2:dynamic:59a8fff6;2) Modern Ciphers
CT2:dynamic:cdb3a791;2) Modern Ciphers
CT2:dynamic:97f95e18;2) Modern Ciphers
CT2:dynamic:b66cfb47;10) Learning Aids and Visualizations
CT2:dynamic:7b9c7161;10) Learning Aids and Visualizations
CT2:dynamic:5f5965f5;10) Learning Aids and Visualizations
CT2:dynamic:f6655273;10) Learning Aids and Visualizations
CT2:dynamic:8f402c99;3) Hash and MAC Algorithms
CT2:dynamic:e9367f19;3) Hash and MAC Algorithms
CT2:dynamic:f2513145;8) Steganography
CT2:dynamic:a02f39ed;8) Steganography
CT2:dynamic:e89149d4;8) Steganography
CT2:dynamic:e69c668e;10) Learning Aids and Visualizations
CT2:dynamic:09e3db78;10) Learning Aids and Visualizations
CT2:dynamic:2cb712af;3) Hash and MAC Algorithms
CT2:dynamic:7ba44a9b;3) Hash and MAC Algorithms
CT2:dynamic:d09309d5;3) Hash and MAC Algorithms
CT2:dynamic:040ef600;3) Hash and MAC Algorithms
CT2:dynamic:0f8ef92d;3) Hash and MAC Algorithms
CT2:dynamic:24114f23;3) Hash and MAC Algorithms
CT2:dynamic:034c586b;3) Hash and MAC Algorithms
CT2:dynamic:bcf25aac;3) Hash and MAC Algorithms
CT2:dynamic:e21922f3;1) Classic Ciphers
CT2:dynamic:d6d1fe27;1) Classic Ciphers
CT2:dynamic:17928a24;1) Classic Ciphers
CT2:dynamic:1e87e75a;2) Modern Ciphers
CT2:dynamic:22130880;2) Modern Ciphers
CT2:dynamic:115dfbe7;2) Modern Ciphers
CT2:dynamic:ffeed616;10) Learning Aids and Visualizations
CT2:dynamic:c93686d7;12) Prime numbers
CT2:dynamic:7cf35393;12) Prime numbers
CT2:dynamic:34473b41;12) Prime numbers
CT2:dynamic:f5a8646e;12) Prime numbers
CT2:dynamic:a3141791;12) Prime numbers
CT2:dynamic:b86e4378;12) Prime numbers
CT2:dynamic:7850d299;12) Prime numbers
CT2:dynamic:cd9a8324;12) Prime numbers
CT2:dynamic:b5fbbaa5;12) Prime numbers
CT2:dynamic:5551c6c8;12) Prime numbers
CT2:dynamic:c95996b8;12) Prime numbers
CT2:dynamic:39f95a3c;12) Prime numbers
CT2:dynamic:df715faa;1) Classic Ciphers
CT2:dynamic:a6ce9230;1) Classic Ciphers
CT2:dynamic:5c915f42;7) Modern Cryptanalysis
CT2:dynamic:019e5b8d;7) Modern Cryptanalysis
CT2:dynamic:c525f20e;2) Modern Ciphers
CT2:dynamic:e4e8f38f;2) Modern Ciphers
CT2:dynamic:54489343;2) Modern Ciphers
CT2:dynamic:b61327ea;2) Modern Ciphers
CT2:dynamic:c3340c05;2) Modern Ciphers
CT2:dynamic:657ddeb6;2) Modern Ciphers
CT2:dynamic:073195eb;7) Modern Cryptanalysis
CT2:dynamic:f973932b;2) Modern Ciphers
CT2:dynamic:bdf3ba1c;2) Modern Ciphers
CT2:dynamic:96585815;2) Modern Ciphers
CT2:dynamic:86ef6a4f;2) Modern Ciphers
CT2:dynamic:e5c1729a;3) Hash and MAC Algorithms
CT2:dynamic:04534f9a;3) Hash and MAC Algorithms
CT2:dynamic:c6b6b7b2;1) Classic Ciphers
CT2:dynamic:2ba2797d;1) Classic Ciphers
CT2:dynamic:d96bae40;1) Classic Ciphers
CT2:dynamic:1ba6a2a9;2) Modern Ciphers
CT2:dynamic:079607ed;2) Modern Ciphers
CT2:dynamic:1ca9762e;2) Modern Ciphers
CT2:dynamic:53561064;2) Modern Ciphers
CT2:dynamic:861fa949;2) Modern Ciphers
CT2:dynamic:01c62dd4;2) Modern Ciphers
CT2:dynamic:aae9d9c9;2) Modern Ciphers
CT2:dynamic:1ae70f9f;2) Modern Ciphers
CT2:dynamic:fc455d12;2) Modern Ciphers
CT2:dynamic:ecade582;2) Modern Ciphers
CT2:dynamic:079607ed;2) Modern Ciphers
CT2:dynamic:1ca9762e;2) Modern Ciphers
CT2:dynamic:78d769cb;2) Modern Ciphers
CT2:dynamic:920510d2;2) Modern Ciphers
CT2:dynamic:01c62dd4;2) Modern Ciphers
CT2:dynamic:30008ca7;7) Modern Cryptanalysis
CT2:dynamic:172bf705;2) Modern Ciphers
CT2:dynamic:4f7738c6;2) Modern Ciphers
CT2:dynamic:df7850e9;10) Learning Aids and Visualizations
CT2:dynamic:51fdcb8d;10) Learning Aids and Visualizations
CT2:dynamic:41e1a2bc;10) Learning Aids and Visualizations
CT2:dynamic:d410449d;1) Classic Ciphers
CT2:dynamic:a64e967f;1) Classic Ciphers
CT2:dynamic:db8eebb2;1) Classic Ciphers
CT2:dynamic:9e8cba4a;1) Classic Ciphers
CT2:dynamic:e88e2e6c;1) Classic Ciphers
CT2:dynamic:0f5753b1;6) Classic Cryptanalysis
CT2:dynamic:5b280eee;6) Classic Cryptanalysis
CT2:dynamic:ee93795e;7) Modern Cryptanalysis
CT2:dynamic:9d7c28e1;7) Modern Cryptanalysis
CT2:dynamic:ecd59ef6;7) Modern Cryptanalysis
CT2:dynamic:cbca2321;3) Hash and MAC Algorithms
CT2:dynamic:4b5390a2;3) Hash and MAC Algorithms
CT2:dynamic:822eaba6;3) Hash and MAC Algorithms
CT2:dynamic:96d793fd;3) Hash and MAC Algorithms
CT2:dynamic:a27387d5;3) Hash and MAC Algorithms
CT2:dynamic:c2166c9e;3) Hash and MAC Algorithms
CT2:dynamic:9a825b11;3) Hash and MAC Algorithms
CT2:dynamic:ed018df1;3) Hash and MAC Algorithms
CT2:dynamic:278714dd;3) Hash and MAC Algorithms
CT2:dynamic:95b0484d;3) Hash and MAC Algorithms
CT2:dynamic:d9bee3bb;3) Hash and MAC Algorithms
CT2:dynamic:2a1d83ec;3) Hash and MAC Algorithms
CT2:dynamic:89de45e8;3) Hash and MAC Algorithms
CT2:dynamic:1c1de04b;5) Random Number Generators
CT2:dynamic:dad3ae1e;5) Random Number Generators
CT2:dynamic:693e35b9;5) Random Number Generators
CT2:dynamic:7f51a54a;5) Random Number Generators
CT2:dynamic:30cbf3c1;2) Modern Ciphers
CT2:dynamic:772c5461;3) Hash and MAC Algorithms
CT2:dynamic:7923fcc2;3) Hash and MAC Algorithms
CT2:dynamic:5f25c15e;3) Hash and MAC Algorithms
CT2:dynamic:d16bb5e7;2) Modern Ciphers
CT2:dynamic:0f005750;2) Modern Ciphers
CT2:dynamic:01379ac6;2) Modern Ciphers
CT2:dynamic:41a4180f;2) Modern Ciphers
CT2:dynamic:03bb9abb;2) Modern Ciphers
CT2:dynamic:28821497;2) Modern Ciphers
CT2:dynamic:fa0a090e;2) Modern Ciphers
CT2:dynamic:90b6a2f7;1) Classic Ciphers
CT2:dynamic:49bdc3ba;1) Classic Ciphers
CT2:dynamic:ead5b506;6) Classic Cryptanalysis
CT2:dynamic:7767975f;6) Classic Cryptanalysis
CT2:dynamic:017e87e3;2) Modern Ciphers
CT2:dynamic:0fb2ae03;2) Modern Ciphers
CT2:dynamic:cabf8d42;1) Classic Ciphers
CT2:dynamic:e59c0d66;1) Classic Ciphers
CT2:dynamic:804d65d5;6) Classic Cryptanalysis
CT2:dynamic:08c653bf;14) Tools
CT2:dynamic:939d7c3b;14) Tools
CT2:dynamic:97213d4b;1) Classic Ciphers
CT2:dynamic:57fb1270;1) Classic Ciphers
CT2:dynamic:e72e014f;1) Classic Ciphers
CT2:dynamic:724f45cd;1) Classic Ciphers
CT2:dynamic:7702c03e;1) Classic Ciphers
CT2:dynamic:95f4d333;1) Classic Ciphers
CT2:dynamic:daab141c;1) Classic Ciphers
CT2:dynamic:dfa9cedb;1) Classic Ciphers
CT2:dynamic:b27faf85;2) Modern Ciphers
CT2:dynamic:201556dc;2) Modern Ciphers
CT2:dynamic:50fe5c88;2) Modern Ciphers
CT2:dynamic:3f27df7a;3) Hash and MAC Algorithms
CT2:dynamic:87ae96e3;3) Hash and MAC Algorithms
CT2:dynamic:cbaa82bf;6) Classic Cryptanalysis
CT2:dynamic:df54d26a;6) Classic Cryptanalysis
CT2:dynamic:da0e49bf;6) Classic Cryptanalysis
CT2:dynamic:81c76788;1) Classic Ciphers
CT2:dynamic:a31d87f1;1) Classic Ciphers
CT2:dynamic:6943d682;1) Classic Ciphers
CT2:dynamic:2d9e517b;6) Classic Cryptanalysis
CT2:dynamic:33ba6647;6) Classic Cryptanalysis
CT2:dynamic:2a61842a;6) Classic Cryptanalysis
CT2:dynamic:67e6008c;6) Classic Cryptanalysis
CT2:dynamic:ae78d567;6) Classic Cryptanalysis
CT2:dynamic:69c240ff;6) Classic Cryptanalysis
CT2:dynamic:fa256003;6) Classic Cryptanalysis
CT2:dynamic:88aa8eb5;6) Classic Cryptanalysis
CT2:dynamic:c12b8723;6) Classic Cryptanalysis
CT2:dynamic:c4af22c5;2) Modern Ciphers
CT2:dynamic:1faf2de1;2) Modern Ciphers
CT2:dynamic:8633bde0;2) Modern Ciphers
CT2:dynamic:c58584b4;2) Modern Ciphers
CT2:dynamic:66458946;1) Classic Ciphers
CT2:dynamic:7f001276;1) Classic Ciphers
CT2:dynamic:0c2108ff;1) Classic Ciphers
CT2:dynamic:a4a1ca98;1) Classic Ciphers
CT2:dynamic:1be71b81;1) Classic Ciphers
CT2:dynamic:6586363e;1) Classic Ciphers
CT2:dynamic:24c029c2;1) Classic Ciphers
CT2:dynamic:2e7dfc9e;6) Classic Cryptanalysis
CT2:dynamic:23548ac5;6) Classic Cryptanalysis
CT2:dynamic:1a9ffe70;6) Classic Cryptanalysis
CT2:dynamic:995265b8;6) Classic Cryptanalysis
CT2:dynamic:a852cc5f;6) Classic Cryptanalysis
CT2:dynamic:94f2b126;6) Classic Cryptanalysis
CT2:dynamic:8d26a3e8;10) Learning Aids and Visualizations
CT2:dynamic:4f3971d6;10) Learning Aids and Visualizations
CT2:dynamic:8d26a3e8;13) Protocols
CT2:dynamic:4f3971d6;13) Protocols
CT2:dynamic:93d66ad9;13) Protocols
CT2:dynamic:8b0fbe0c;9) Codings
CT2:dynamic:4f31b170;9) Codings
CT2:dynamic:493a217a;9) Codings
CT2:dynamic:85ed8ab1;9) Codings
CT2:dynamic:60488f46;9) Codings
CT2:dynamic:9430bbfd;9) Codings
CT2:dynamic:0c9fda9d;9) Codings
CT2:dynamic:9998034d;9) Codings
CT2:dynamic:60488f46;9) Codings
CT2:dynamic:9430bbfd;9) Codings
CT2:dynamic:bde4fbd6;9) Codings
CT2:dynamic:f8efba08;9) Codings
CT2:dynamic:c6597b0e;9) Codings
CT2:dynamic:036ce27d;9) Codings
CT2:dynamic:8278bef2;9) Codings
CT2:dynamic:f38a084d;8) Steganography
CT2:dynamic:ec42be83;8) Steganography
CT2:dynamic:225bcd4f;8) Steganography
CT2:dynamic:6999fae5;8) Steganography
CT2:dynamic:07036b35;7) Modern Cryptanalysis
CT2:dynamic:d1919375;7) Modern Cryptanalysis
CT2:dynamic:b493e1df;3) Hash and MAC Algorithms
CT2:dynamic:f1e5f293;3) Hash and MAC Algorithms
CT2:dynamic:3036f902;2) Modern Ciphers
CT2:dynamic:1615c6b6;2) Modern Ciphers
CT2:dynamic:3036f902;13) Protocols
CT2:dynamic:2d4ed34f;6) Classic Cryptanalysis
CT2:dynamic:ee6d4d0c;6) Classic Cryptanalysis
CT2:dynamic:987f16c9;6) Classic Cryptanalysis
CT2:dynamic:26ffd0cc;3) Hash and MAC Algorithms
CT2:dynamic:a95a52d1;3) Hash and MAC Algorithms
CT2:dynamic:642a6486;3) Hash and MAC Algorithms
CT2:dynamic:bed7ea80;3) Hash and MAC Algorithms
CT2:dynamic:eb7cce55;1) Classic Ciphers
CT2:dynamic:1d257c85;1) Classic Ciphers
CT2:dynamic:6f8d1881;1) Classic Ciphers
CT2:dynamic:ec7e196a;1) Classic Ciphers
CT2:dynamic:567f0e2d;1) Classic Ciphers
CT2:dynamic:bd132d26;1) Classic Ciphers
CT2:dynamic:49354374;1) Classic Ciphers
CT2:dynamic:ca54a1b2;1) Classic Ciphers
CT2:dynamic:a234137a;10) Learning Aids and Visualizations
CT2:dynamic:60434e61;10) Learning Aids and Visualizations
CT2:dynamic:d90cfbf9;10) Learning Aids and Visualizations
CT2:dynamic:342e0598;10) Learning Aids and Visualizations
CT2:dynamic:a234137a;13) Protocols
CT2:dynamic:60434e61;13) Protocols
CT2:dynamic:d90cfbf9;13) Protocols
CT2:dynamic:342e0598;13) Protocols
CT2:dynamic:d57de422;10) Learning Aids and Visualizations
CT2:dynamic:65fd57eb;10) Learning Aids and Visualizations
CT2:dynamic:a57bf8d0;10) Learning Aids and Visualizations
CT2:dynamic:d57de422;13) Protocols
CT2:dynamic:65fd57eb;13) Protocols
CT2:dynamic:a57bf8d0;13) Protocols
