JCT:dynamic:7137650d;2) Modern Ciphers;JCT:A \ Block Ciphers \ Block Ciphers \ DESede_CBC (OID: 1.2.840.113549.3.7)
JCT:dynamic:e769b667;1) Classic Ciphers;JCT:D \ Algorithms \ Classic \ ADFGVX
JCT:dynamic:eabf4d63;2) Modern Ciphers;JCT:D \ Block Ciphers \ Block Ciphers \ Rijndael \ AES128_CBC (OID: 2.16.840.1.101.3.4.1.2)
JCT:dynamic:8e2758b4;2) Modern Ciphers;JCT:D \ Block Ciphers \ Block Ciphers \ Rijndael \ AES128_CFB (OID: 2.16.840.1.101.3.4.1.4)
JCT:dynamic:4a30e9f3;2) Modern Ciphers;JCT:D \ Block Ciphers \ Block Ciphers \ Rijndael \ AES128_ECB (OID: 2.16.840.1.101.3.4.1.1)
JCT:dynamic:b062b837;2) Modern Ciphers;JCT:D \ Block Ciphers \ Block Ciphers \ Rijndael \ AES128_OFB (OID: 2.16.840.1.101.3.4.1.3)
JCT:dynamic:81fe3a93;2) Modern Ciphers;JCT:D \ Block Ciphers \ Block Ciphers \ Rijndael \ AES192_CBC (OID: 2.16.840.1.101.3.4.1.22)
JCT:dynamic:3c9155f3;2) Modern Ciphers;JCT:D \ Block Ciphers \ Block Ciphers \ Rijndael \ AES192_CFB (OID: 2.16.840.1.101.3.4.1.24)
JCT:dynamic:e484c152;2) Modern Ciphers;JCT:D \ Block Ciphers \ Block Ciphers \ Rijndael \ AES192_ECB (OID: 2.16.840.1.101.3.4.1.21)
JCT:dynamic:864507a3;2) Modern Ciphers;JCT:D \ Block Ciphers \ Block Ciphers \ Rijndael \ AES192_OFB (OID: 2.16.840.1.101.3.4.1.23)
JCT:dynamic:23f994dd;2) Modern Ciphers;JCT:D \ Block Ciphers \ Block Ciphers \ Rijndael \ AES256_CBC (OID: 2.16.840.1.101.3.4.1.42)
JCT:dynamic:28082c36;2) Modern Ciphers;JCT:D \ Block Ciphers \ Block Ciphers \ Rijndael \ AES256_ECB (OID: 2.16.840.1.101.3.4.1.41)
JCT:dynamic:6afbae2c;2) Modern Ciphers;JCT:D \ Block Ciphers \ Block Ciphers \ Rijndael \ AES256_CFB (OID: 2.16.840.1.101.3.4.1.44)
JCT:dynamic:df8c36dc;2) Modern Ciphers;JCT:D \ Block Ciphers \ Block Ciphers \ Rijndael \ AES256_CFB (OID: 2.16.840.1.101.3.4.1.43)
JCT:dynamic:475352ef;10) Learning Aids and Visualizations;JCT:D \ Visualizations \ Android Unlock Pattern (AUP)
JCT:dynamic:05720e22;10) Learning Aids and Visualizations;JCT:D \ Visualizations \ Ant Colony Optimization
JCT:dynamic:9271c536;1) Classic Ciphers;JCT:D \ Algorithms \ Classic \ Autokey Vigenère
JCT:dynamic:c87a421f;1) Classic Ciphers;JCT:D \ Algorithms \ Classic \ Bifid
JCT:dynamic:15faf6b3;5) Random Number Generators;JCT:A \ Pseudo Random Number Generators \ BBSRandom
JCT:dynamic:5d54a096;1) Classic Ciphers;JCT:D \ Algorithms \ Classic \ Caesar
JCT:dynamic:a3b3aad4;2) Modern Ciphers;JCT:A \ Block Ciphers \ Block Ciphers \ Camellia128_CBC (OID: 1.2.392.200011.61.1.1.1.2)
JCT:dynamic:93ff6856;2) Modern Ciphers;JCT:A \ Block Ciphers \ Block Ciphers \ Camellia192_CBC (OID: 1.2.392.200011.61.1.1.1.3)
JCT:dynamic:879a45d6;2) Modern Ciphers;JCT:A \ Block Ciphers \ Block Ciphers \ Camellia256_CBC (OID: 1.2.392.200011.61.1.1.1.4)
JCT:dynamic:32a4fe8f;3) Hash and MAC Algorithms;JCT:A \ Message Authentication Codes \ Message Authentication Codes \ CBCmacAES128
JCT:dynamic:9870f799;3) Hash and MAC Algorithms;JCT:A \ Message Authentication Codes \ Message Authentication Codes \ CBCmacAES192
JCT:dynamic:7ac7666d;3) Hash and MAC Algorithms;JCT:A \ Message Authentication Codes \ Message Authentication Codes \ CBCmacAES256
JCT:dynamic:8ed651ec;3) Hash and MAC Algorithms;JCT:A \ Message Authentication Codes \ Message Authentication Codes \ CBCmacCamellia
JCT:dynamic:b8850c95;3) Hash and MAC Algorithms;JCT:A \ Message Authentication Codes \ Message Authentication Codes \ CBCmacDESede
JCT:dynamic:983b9b06;3) Hash and MAC Algorithms;JCT:A \ Message Authentication Codes \ Message Authentication Codes \ CBCmacIDEA
JCT:dynamic:e333b05c;3) Hash and MAC Algorithms;JCT:A \ Message Authentication Codes \ Message Authentication Codes \ CBCmacMARS
JCT:dynamic:dba879c3;3) Hash and MAC Algorithms;JCT:A \ Message Authentication Codes \ Message Authentication Codes \ CBCmacMisty1
JCT:dynamic:09607e16;3) Hash and MAC Algorithms;JCT:A \ Message Authentication Codes \ Message Authentication Codes \ CBCmacRC2
JCT:dynamic:853d7743;3) Hash and MAC Algorithms;JCT:A \ Message Authentication Codes \ Message Authentication Codes \ CBCmacRC5
JCT:dynamic:99f7b096;3) Hash and MAC Algorithms;JCT:A \ Message Authentication Codes \ Message Authentication Codes \ CBCmacRC6
JCT:dynamic:e9d2a16a;3) Hash and MAC Algorithms;JCT:A \ Message Authentication Codes \ Message Authentication Codes \ CBCmacSAFER+
JCT:dynamic:01d7e468;3) Hash and MAC Algorithms;JCT:A \ Message Authentication Codes \ Message Authentication Codes \ 
JCT:dynamic:301dad4f;10) Learning Aids and Visualizations;JCT:D \ Visualizations \ Certificate Verification
JCT:dynamic:c6d5224c;10) Learning Aids and Visualizations;JCT:D \ Visualizations \ Chinese Remainder Theorem
JCT:dynamic:d476483e;3) Hash and MAC Algorithms;JCT:A \ Message Authentication Codes \ Message Authentication Codes \ CmacAES128
JCT:dynamic:a3c367a1;3) Hash and MAC Algorithms;JCT:A \ Message Authentication Codes \ Message Authentication Codes \ CmacAES192
JCT:dynamic:58bd89bb;3) Hash and MAC Algorithms;JCT:A \ Message Authentication Codes \ Message Authentication Codes \ CmacAES256
JCT:dynamic:30f5787b;3) Hash and MAC Algorithms;JCT:A \ Message Authentication Codes \ Message Authentication Codes \ CmacDESede
JCT:dynamic:60498560;4) Digital Signatures/PKI;JCT:A \ Signatures \ Signatures \ CMSS (OID: 1.3.6.1.4.1.8301.3.1.3.2.6)
JCT:dynamic:01f136fe;4) Digital Signatures/PKI;JCT:A \ Signatures \ Signatures \ CMSSwithSHA1andWinternitzOTS_1 (OID: 1.3.6.1.4.1.8301.3.1.3.2.1)
JCT:dynamic:257e448d;4) Digital Signatures/PKI;JCT:A \ Signatures \ Signatures \ CMSSwithSHA1andWinternitzOTS_2 (OID: 1.3.6.1.4.1.8301.3.1.3.2.2)
JCT:dynamic:b8387c95;4) Digital Signatures/PKI;JCT:A \ Signatures \ Signatures \ CMSSwithSHA1andWinternitzOTS_3 (OID: 1.3.6.1.4.1.8301.3.1.3.2.3)
JCT:dynamic:eb0b07d3;4) Digital Signatures/PKI;JCT:A \ Signatures \ Signatures \ CMSSwithSHA1andWinternitzOTS_4 (OID: 1.3.6.1.4.1.8301.3.1.3.2.4)
JCT:dynamic:1c5d307c;4) Digital Signatures/PKI;JCT:A \ Signatures \ Signatures \ CMSSwithSHA256andWinternitzOTS_1 (OID: 1.3.6.1.4.1.8301.3.1.3.2.5)
JCT:dynamic:a0cbc953;4) Digital Signatures/PKI;JCT:A \ Signatures \ Signatures \ CMSSwithSHA256andWinternitzOTS_3 (OID: 1.3.6.1.4.1.8301.3.1.3.2.7)
JCT:dynamic:af5f3190;4) Digital Signatures/PKI;JCT:A \ Signatures \ Signatures \ CMSSwithSHA256andWinternitzOTS_4 (OID: 1.3.6.1.4.1.8301.3.1.3.2.8)
JCT:dynamic:cbfbade3;4) Digital Signatures/PKI;JCT:A \ Signatures \ Signatures \ CMSSwithSHA384andWinternitzOTS_1 (OID: 1.3.6.1.4.1.8301.3.1.3.2.9)
JCT:dynamic:4a8ce413;4) Digital Signatures/PKI;JCT:A \ Signatures \ Signatures \ CMSSwithSHA384andWinternitzOTS_2 (OID: 1.3.6.1.4.1.8301.3.1.3.2.10)
JCT:dynamic:8158b9a3;4) Digital Signatures/PKI;JCT:A \ Signatures \ Signatures \ CMSSwithSHA384andWinternitzOTS_3 (OID: 1.
JCT:dynamic:ede65e39;10) Learning Aids and Visualizations;JCT:C \ Protocols \ Coin Flipping
JCT:dynamic:1398fc3b;10) Learning Aids and Visualizations;JCT:T \ Protocols \ Coin Flipping Protocol
JCT:dynamic:59f2e132;3) Hash and MAC Algorithms;JCT:A \ Message Digests \ DHA256
JCT:dynamic:07298cfd;10) Learning Aids and Visualizations;JCT:D \ Visualizations \ Differential Power Analysis \ Double and Add
JCT:dynamic:0149db06;10) Learning Aids and Visualizations;JCT:D \ Visualizations \ Diffie-Hellman Key Exchange (EC)
JCT:dynamic:aa8c8ed5;13) Protocols;JCT:D \ Visuals \ Diffie-Hellman Key Exchange (EC)
JCT:dynamic:44c2264b;10) Learning Aids and Visualizations;JCT:D \ Visualizations \ Signature Demonstration
JCT:dynamic:9c38e446;11) Games;JCT:D \ Games \ Divider Game
JCT:dynamic:961703a4;1) Classic Ciphers;JCT:D \ Algorithms \ Classic \ Double Box
JCT:dynamic:a3510a72;2) Modern Ciphers;JCT:D \ Algorithms \ Symmetric \ Dragon
JCT:dynamic:c69bd0ba;4) Digital Signatures/PKI;JCT:A \ Signatures \ Signatures \ RAW \ DSA
JCT:dynamic:04f6ea78;4) Digital Signatures/PKI;JCT:A \ Signatures \ Signatures \ RawECDSA
JCT:dynamic:88a81304;4) Digital Signatures/PKI;JCT:A \ Signatures \ Signatures \ SHA1 \ ECDSA (OID: 1.2.840.10045.4.1)
JCT:dynamic:8de3c18f;4) Digital Signatures/PKI;JCT:A \ Signatures \ Signatures \ SHA224 \ ECDSA (OID: 1.2.840.10045.4.3.1)
JCT:dynamic:85332a35;4) Digital Signatures/PKI;JCT:A \ Signatures \ Signatures \ SHA256 \ ECDSA (OID: 1.2.840.10045.4.3.2)
JCT:dynamic:a38f92fc;4) Digital Signatures/PKI;JCT:A \ Signatures \ Signatures \ SHA384 \ ECDSA (OID: 1.2.840.10045.4.3.3)
JCT:dynamic:09ca7b1a;4) Digital Signatures/PKI;JCT:A \ Signatures \ Signatures \ SHA512 \ ECDSA (OID: 1.2.840.10045.4.3.4)
JCT:dynamic:4e339be5;2) Modern Ciphers;JCT:A \ Hybrid Ciphers \ ECIES
JCT:dynamic:93effaf3;4) Digital Signatures/PKI;JCT:A \ Signatures \ SHA1 \ ECNR
JCT:dynamic:9c65dca9;2) Modern Ciphers;JCT:A \ Asymmetric Block Ciphers \ ElGamal (OID: 1.3.14.7.2.1.1)
JCT:dynamic:56259b3c;10) Learning Aids and Visualizations;JCT:D \ Visualizations \ ElGamal Cryptosystem
JCT:dynamic:a6a947fc;5) Random Number Generators;JCT:A \ Pseudo Random Number Generators \ ECPRNG
JCT:dynamic:fb30f52c;10) Learning Aids and Visualizations;JCT:D \ Visualizations \ Elliptic Curve Calculations
JCT:dynamic:b70ed39e;2) Modern Ciphers;JCT:D \ Visualizations \ RSA Cryptosystem
JCT:dynamic:64d2a91e;2) Modern Ciphers;JCT:D \ Visualizations \ Extended RSA Cryptosystem
JCT:dynamic:28252657;6) Classic Cryptanalysis;JCT:D \ Analysis \ Entropy Analysis
JCT:dynamic:737d2d58;10) Learning Aids and Visualizations;JCT:D \ Visualizations \ Extended Euclidean \ Reciprocal Subtraction
JCT:dynamic:430fe4b4;10) Learning Aids and Visualizations;JCT:D \ Visualizations \ Feige Fiat Shamir
JCT:dynamic:560aafe0;10) Learning Aids and Visualizations;JCT:D \ Visualizations \ Fiat Shamir
JCT:dynamic:3c22ca5b;3) Hash and MAC Algorithms;JCT:A \ Message Digests \ FORK256
JCT:dynamic:792ad4f8;6) Classic Cryptanalysis;JCT:D \ Analysis \ Frequency Analysis
JCT:dynamic:37b0d5ee;6) Classic Cryptanalysis;JCT:D \ Analysis \ Friedman Test
JCT:dynamic:086c19d4;4) Digital Signatures/PKI;JCT:A \ Signatures \ Signatures \ GMSSwithSHA1 (OID: 1.3.6.1.4.1.8301.3.1.3.3.1)
JCT:dynamic:eb723edf;4) Digital Signatures/PKI;JCT:A \ Signatures \ Signatures \ GMSSwithSHA224 (OID: 1.3.6.1.4.1.8301.3.1.3.3.2)
JCT:dynamic:2f916ed9;4) Digital Signatures/PKI;JCT:A \ Signatures \ Signatures \ GMSSwithSHA256 (OID: 1.3.6.1.4.1.8301.3.1.3.3.3)
JCT:dynamic:e8a5f2d2;4) Digital Signatures/PKI;JCT:A \ Signatures \ Signatures \ GMSSwithSHA384 (OID: 1.3.6.1.4.1.8301.3.1.3.3.4)
JCT:dynamic:2ead6fc3;4) Digital Signatures/PKI;JCT:A \ Signatures \ Signatures \ GMSSwithSHA512 (OID: 1.3.6.1.4.1.8301.3.1.3.3.5)
JCT:dynamic:976c0195;10) Learning Aids and Visualizations;JCT:D \ Visualizations \ Graph Isomorphism
JCT:dynamic:d172c41c;10) Learning Aids and Visualizations;JCT:D \ Visualizations \ Grille
JCT:dynamic:47e4c87f;10) Learning Aids and Visualizations;JCT:D \ Visualizations \ Hash Sensitivity
JCT:dynamic:aac4d40e;3) Hash and MAC Algorithms;Hash \ MD5
JCT:dynamic:a40d0419;3) Hash and MAC Algorithms;Hash \ SHA
JCT:dynamic:7f9d5d36;3) Hash and MAC Algorithms;Hash \ SHA3-Candidates
JCT:dynamic:0141e871;3) Hash and MAC Algorithms;Messages Digests \ 
JCT:dynamic:0dfac99e;3) Hash and MAC Algorithms;JCT:A \ Message Authentication Codes \ Message Authentication Codes \ Hmac (OID: 1.3.6.1.5.5.8.1.2)
JCT:dynamic:76f76941;3) Hash and MAC Algorithms;JCT:A \ Message Authentication Codes \ Message Authentication Codes \ HmacDHA256
JCT:dynamic:d8c1dce2;3) Hash and MAC Algorithms;JCT:A \ Message Authentication Codes \ Message Authentication Codes \ HmacFORK256
JCT:dynamic:3e2a29b8;3) Hash and MAC Algorithms;JCT:A \ Message Authentication Codes \ Message Authentication Codes \ HmacMD4
JCT:dynamic:cdcb8f95;3) Hash and MAC Algorithms;JCT:A \ Message Authentication Codes \ Message Authentication Codes \ HmacMD5 (OID: 1.3.6.1.5.5.8.1.1)
JCT:dynamic:c4213cb5;3) Hash and MAC Algorithms;JCT:A \ Message Authentication Codes \ Message Authentication Codes \ HmacRIPEMD128
JCT:dynamic:4f915380;3) Hash and MAC Algorithms;JCT:A \ Message Authentication Codes \ Message Authentication Codes \ HmacRIPEMD160 (OID: 1.3.6.1.5.5.8.1.4)
JCT:dynamic:a938c378;3) Hash and MAC Algorithms;JCT:A \ Message Authentication Codes \ Message Authentication Codes \ HmacRIPEMD256
JCT:dynamic:f0192ba4;3) Hash and MAC Algorithms;JCT:A \ Message Authentication Codes \ Message Authentication Codes \ HmacRIPEMD320
JCT:dynamic:33c0a566;3) Hash and MAC Algorithms;JCT:A \ Message Authentication Codes \ Message Authentication Codes \ HmacSHA224
JCT:dynamic:3af997e3;3) Hash and MAC Algorithms;JCT:A \ Message Authentication Codes \ Message Authentication Codes \ HmacSHA256
JCT:dynamic:e3ded245;3) Hash and MAC Algorithms;JCT:A \ Message Authentication Codes \ Message Authentication Codes \ HmacSHA384
JCT:dynamic:9afcc841;3) Hash and MAC Algorithms;JCT:A \ Message Authentication Codes \ Message Authentication Codes \ HmacSHA512
JCT:dynamic:947a0d19;10) Learning Aids and Visualizations;JCT:D \ Visualizations \ Homomorphic Encryption
JCT:dynamic:0757660d;9) Codings;JCT:D \ Visualizations \ Huffman Coding
JCT:dynamic:7165d3ee;2) Modern Ciphers;JCT:D \ Block Ciphers \ Block Ciphers \ IDEA_ECB (OID: 1.3.6.1.4.1.188.7.1.1.1)
JCT:dynamic:a5cc994e;2) Modern Ciphers;JCT:D \ Block Ciphers \ Block Ciphers \ IDEA_CBC (OID: 1.3.6.1.4.1.188.7.1.1.2)
JCT:dynamic:01f71668;2) Modern Ciphers;JCT:D \ Block Ciphers \ Block Ciphers \ IDEA_CFB (OID: 1.3.6.1.4.1.188.7.1.1.3)
JCT:dynamic:8eaf8011;2) Modern Ciphers;JCT:D \ Block Ciphers \ Block Ciphers \ IDEA_OFB (OID: 1.3.6.1.4.1.188.7.1.1.4)
JCT:dynamic:458feccb;10) Learning Aids and Visualizations;JCT:D \ Visualizations \ Inner States of the Data Encryption Standard (DES)
JCT:dynamic:adef9d5a;4) Digital Signatures/PKI;JCT:A \ Signatures \ Signatures \ IQDSA (OID: 1.3.6.1.4.1.8301.3.1.1.2)
JCT:dynamic:45fcbd68;4) Digital Signatures/PKI;JCT:A \ Signatures \ Signatures \ RIPEMD160withIQDSA (OID: 1.3.6.1.4.1.8301.3.1.1.3)
JCT:dynamic:c427de08;4) Digital Signatures/PKI;JCT:A \ Signatures \ Signatures \ IQGQ (OID: 1.3.6.1.4.1.8301.3.1.1.5)
JCT:dynamic:ed4837c8;4) Digital Signatures/PKI;JCT:A \ Signatures \ Signatures \ RIPEMD160withIQDSA (OID: 1.3.6.1.4.1.8301.3.1.1.3)
JCT:dynamic:848bcee8;4) Digital Signatures/PKI;JCT:A \ Signatures \ Signatures \ IQRDSA (OID: 1.3.6.1.4.1.8301.3.1.1.8)
JCT:dynamic:dd89dc6c;4) Digital Signatures/PKI;JCT:A \ Signatures \ Signatures \ RIPEMD160withIQRDSA (OID: 1.3.6.1.4.1.8301.3.1.1.9)
JCT:dynamic:e9a487c1;10) Learning Aids and Visualizations;JCT:D \ Visualizations \ Kleptography
JCT:dynamic:ef0e5186;10) Learning Aids and Visualizations;JCT:D \ Visualizations \ Merkle-Hellman Knapsack Cryptosystem
JCT:dynamic:61ace354;2) Modern Ciphers;JCT:D \ Algorithms \ Symmetric \ LFSR
JCT:dynamic:bc848433;10) Learning Aids and Visualizations;JCT:D \ Visualizations \ Magic Door
JCT:dynamic:0da7b4f9;2) Modern Ciphers;JCT:A \ Block Ciphers \ MARS
JCT:dynamic:3bf7dd9e;2) Modern Ciphers;JCT:A \ Hybrid Ciphers \ McElieceFujisakiCipher (OID: 1.3.6.1.4.1.8301.3.1.3.4.2.1)
JCT:dynamic:8d6e5033;2) Modern Ciphers;JCT:A \ Hybrid Ciphers \ McElieceKobaraImaiCipher (OID: 1.3.6.1.4.1.8301.3.1.3.4.2.3)
JCT:dynamic:783ba069;2) Modern Ciphers;JCT:A \ Asymmetric Block Ciphers \ McEliecePKCS (OID: 1.3.6.1.4.1.8301.3.1.3.4.1)
JCT:dynamic:0074a085;2) Modern Ciphers;JCT:A \ Hybrid Ciphers \ McEliecePointchevalCipher (OID: 1.3.6.1.4.1.8301.3.1.3.4.2.2)
JCT:dynamic:b3929da3;3) Hash and MAC Algorithms;JCT:A \ Message Digests \ MD4 (OID: 1.2.840.113549.2.4)
JCT:dynamic:20b3c300;3) Hash and MAC Algorithms;JCT:D \ Message Digests \ MD5 (OID: 1.2.840.113549.2.5)
JCT:dynamic:f812b99d;4) Digital Signatures/PKI;JCT:A \ Signatures \ Signatures \ MerkleOTSwithSHA1 (OID: 1.3.6.1.4.1.8301.3.1.3.1.1.1)
JCT:dynamic:c44f7977;4) Digital Signatures/PKI;JCT:A \ Signatures \ Signatures \ MerkleOTSwithSHA256 (OID: 1.3.6.1.4.1.8301.3.1.3.1.1.2)
JCT:dynamic:7848f08f;4) Digital Signatures/PKI;JCT:A \ Signatures \ Signatures \ MerkleOTSwithSHA384 (OID: 1.3.6.1.4.1.8301.3.1.3.1.1.3)
JCT:dynamic:fcc3a05a;4) Digital Signatures/PKI;JCT:A \ Signatures \ Signatures \ MerkleOTSwithSHA512 (OID: 1.3.6.1.4.1.8301.3.1.3.1.1.4)
JCT:dynamic:2a39257c;10) Learning Aids and Visualizations;JCT:D \ Visualizations \ Merkle Signature Scheme (MerkleTree)
JCT:dynamic:a199f28b;2) Modern Ciphers;JCT:A \ Asymmetric Block Ciphers \ MeRSA
JCT:dynamic:d18dd494;2) Modern Ciphers;JCT:A \ Signatures \ MeRSA
JCT:dynamic:0cbd4362;2) Modern Ciphers;JCT:A \ Block Ciphers \ Misty1
JCT:dynamic:13ad28ce;2) Modern Ciphers;JCT:D \ Visualizations \ RSA Cryptosystem
JCT:dynamic:a89809bd;2) Modern Ciphers;JCT:D \ Visualizations \ Extended RSA Cryptosystem
JCT:dynamic:58eb31ff;10) Learning Aids and Visualizations;JCT:D \ Visualizations \ Multipartite Key Exchange
JCT:dynamic:2d680d71;2) Modern Ciphers;JCT:A \ Asymmetric Block Ciphers \ Niederreiter
JCT:dynamic:78d12366;4) Digital Signatures/PKI;JCT:A \ Signatures \ NiederreiterCFS (OID: 1.3.6.1.4.1.8301.3.1.3.4.3.2)
JCT:dynamic:4529ac2e;11) Games;JCT:D \ Games \ Number Shark
JCT:dynamic:b8f978b9;3) Hash and MAC Algorithms;JCT:A \ Password-Based Ciphers \ PBES2 (OID: 1.2.840.113549.1.5.13)
JCT:dynamic:9d71b704;3) Hash and MAC Algorithms;JCT:A \ Password-Based Ciphers \ PbeWithMD5AndDES_CBC (OID: 1.2.840.113549.1.5.3)
JCT:dynamic:67398ef7;3) Hash and MAC Algorithms;JCT:A \ Password-Based Ciphers \ PbeWithSHA1AndDES_CBC (OID: 1.2.840.113549.1.5.10)
JCT:dynamic:824a3cd5;3) Hash and MAC Algorithms;JCT:A \ Password-Based Ciphers \ PbeWithSHAAnd3_KeyTripleDES_CBC (OID: 1.2.840.113549.1.12.1.3)
JCT:dynamic:0f2b80bd;3) Hash and MAC Algorithms;JCT:A \ Password-Based Ciphers \ PbeWithSHAAnd40BitRC2_CBC (OID: 1.2.840.113549.1.12.1.6)
JCT:dynamic:caf1b17a;1) Classic Ciphers;JCT:D \ Algorithms \ Classic \ Playfair
JCT:dynamic:c8b703f4;10) Learning Aids and Visualizations;JCT:D \ Visualizations \ Public-Key Infrastructure
JCT:dynamic:f129723e;2) Modern Ciphers;JCT:A \ Block Ciphers \ Block Ciphers \ RC2_CBC (OID: 1.2.840.113549.3.2)
JCT:dynamic:4c190da4;2) Modern Ciphers;JCT:D \ Algorithms \ Symmetric \ ARC4 \ Spritz
JCT:dynamic:4f57b298;10) Learning Aids and Visualizations;JCT:D \ Visualizations \ ARC4 \ Spritz
JCT:dynamic:4b8b3aa1;2) Modern Ciphers;JCT:A \ Block Ciphers \ RC5
JCT:dynamic:4848bdfe;2) Modern Ciphers;Block Ciphers \ RC6
JCT:dynamic:4fb76778;3) Hash and MAC Algorithms;JCT:A \ Message Digests \ RIPEMD128 (OID: 1.3.36.3.2.2)
JCT:dynamic:95dfa91a;3) Hash and MAC Algorithms;JCT:A \ Message Digests \ RIPEMD160 (OID: 1.3.36.3.2.1)
JCT:dynamic:0ffaa5f3;3) Hash and MAC Algorithms;JCT:A \ Message Digests \ RIPEMD256 (OID: 1.3.36.3.2.3)
JCT:dynamic:e8459937;3) Hash and MAC Algorithms;JCT:A \ Message Digests \ RIPEMD320
JCT:dynamic:7bc8d465;1) Classic Ciphers;JCT:D \ Algorithms \ Classic \ Caesar
JCT:dynamic:7ce289d2;2) Modern Ciphers;JCT:A \ Asymmetric Block Ciphers \ RSA (OID: 1.2.840.113549.1.1.1)
JCT:dynamic:0737c0de;2) Modern Ciphers;JCT:A \ Asymmetric Block Ciphers \ RbRSA (OID: 1.2.840.113549.1.1.7)
JCT:dynamic:a0635a71;2) Modern Ciphers;JCT:A \ Asymmetric Block Ciphers \ RprimeRSA
JCT:dynamic:d396b977;4) Digital Signatures/PKI;JCT:A \ Signatures \ Signatures \ MD5 \ RSA \ RAW
JCT:dynamic:91e8d419;4) Digital Signatures/PKI;JCT:A \ Signatures \ Signatures \ MD5withRSA (OID: 1.2.840.113549.1.1.4)
JCT:dynamic:1daa5c19;4) Digital Signatures/PKI;JCT:A \ Signatures \ Signatures \ RIPEMD160 \ RSA (OID: 1.3.36.3.3.1.2)
JCT:dynamic:b5da8501;4) Digital Signatures/PKI;JCT:A \ Signatures \ Signatures \ RIPEMD160 \ RSA \ RAW
JCT:dynamic:a881f575;4) Digital Signatures/PKI;JCT:A \ Signatures \ Signatures \ SHA1 \ RSA (OID: 1.2.840.113549.1.1.5)
JCT:dynamic:7e154fe0;4) Digital Signatures/PKI;JCT:A \ Signatures \ Signatures \ SHA1 \ RSA \ RAW
JCT:dynamic:8aacf1d9;4) Digital Signatures/PKI;JCT:A \ Signatures \ Signatures \ SHA224 \ RSA (OID: 1.2.840.113549.1.1.14)
JCT:dynamic:209478c7;4) Digital Signatures/PKI;JCT:A \ Signatures \ Signatures \ SHA224 \ RSA \ RAW
JCT:dynamic:fece137b;4) Digital Signatures/PKI;JCT:A \ Signatures \ Signatures \ SHA256 \ RSA \ RAW
JCT:dynamic:b927ecf9;4) Digital Signatures/PKI;JCT:A \ Signatures \ Signatures \ SHA256withRSA (OID: 1.2.840.113549.1.1.11)
JCT:dynamic:8424d3be;4) Digital Signatures/PKI;JCT:A \ Signatures \ Signatures \ SHA384 \ RSA \ RAW
JCT:dynamic:a995bcc5;4) Digital Signatures/PKI;JCT:A \ Signatures \ Signatures \ SHA384withRSA (OID: 1.2.840.113549.1.1.12)
JCT:dynamic:f15d47d8;4) Digital Signatures/PKI;JCT:A \ Signatures \ Signatures \ SHA512 \ RSA \ RAW
JCT:dynamic:47b239d8;4) Digital Signatures/PKI;JCT:A \ Signatures \ Signatures \ SHA512withRSA (OID: 1.2.840.113549.1.1.13)
JCT:dynamic:f132013f;4) Digital Signatures/PKI;JCT:A \ Signatures \ RbRSA (OID: 1.2.840.113549.1.1.10)
JCT:dynamic:a899b787;4) Digital Signatures/PKI;JCT:A \ Signatures \ RprimeRSA
JCT:dynamic:521bbdb1;10) Learning Aids and Visualizations;JCT:D \ Visualizations \ RSA Cryptosystem
JCT:dynamic:1ccfca49;10) Learning Aids and Visualizations;JCT:D \ Visualizations \ Extended RSA Cryptosystem
JCT:dynamic:e25a832a;4) Digital Signatures/PKI;JCT:A \ Algorithms \ Signatures \ RSASSA-PSS
JCT:dynamic:a3b27350;2) Modern Ciphers;JCT:A \ Block Ciphers \ SAFER+
JCT:dynamic:91ccb362;2) Modern Ciphers;JCT:A \ Block Ciphers \ SAFER++
JCT:dynamic:418ad63f;2) Modern Ciphers;JCT:A \ Block Ciphers \ Block Ciphers \ Serpent128_CBC (OID: 1.3.6.1.4.1.11591.13.2.2)
JCT:dynamic:e6908d69;2) Modern Ciphers;JCT:A \ Block Ciphers \ Block Ciphers \ Serpent128_CFB (OID: 1.3.6.1.4.1.11591.13.2.4)
JCT:dynamic:373036af;2) Modern Ciphers;JCT:A \ Block Ciphers \ Block Ciphers \ Serpent128_ECB (OID: 1.3.6.1.4.1.11591.13.2.1)
JCT:dynamic:8b593a3c;2) Modern Ciphers;JCT:A \ Block Ciphers \ Block Ciphers \ Serpent128_OFB (OID: 1.3.6.1.4.1.11591.13.2.3)
JCT:dynamic:484fbb05;2) Modern Ciphers;JCT:A \ Block Ciphers \ Block Ciphers \ Serpent192_CBC (OID: 1.3.6.1.4.1.11591.13.2.22)
JCT:dynamic:d802cc82;2) Modern Ciphers;JCT:A \ Block Ciphers \ Block Ciphers \ Serpent192_CFB (OID: 1.3.6.1.4.1.11591.13.2.24)
JCT:dynamic:ecb539b5;2) Modern Ciphers;JCT:A \ Block Ciphers \ Block Ciphers \ Serpent192_ECB (OID: 1.3.6.1.4.1.11591.13.2.21)
JCT:dynamic:81044209;2) Modern Ciphers;JCT:A \ Block Ciphers \ Block Ciphers \ Serpent192_OFB (OID: 1.3.6.1.4.1.11591.13.2.23)
JCT:dynamic:d3afc071;2) Modern Ciphers;JCT:A \ Block Ciphers \ Block Ciphers \ Serpent256_CBC (OID: 1.3.6.1.4.1.11591.13.2.42)
JCT:dynamic:711c1a30;2) Modern Ciphers;JCT:A \ Block Ciphers \ Block Ciphers \ Serpent256_CFB (OID: 1.3.6.1.4.1.11591.13.2.44)
JCT:dynamic:a7d2b891;2) Modern Ciphers;JCT:A \ Block Ciphers \ Block Ciphers \ Serpent256_ECB (OID: 1.3.6.1.4.1.11591.13.2.41)
JCT:dynamic:924c2192;2) Modern Ciphers;JCT:A \ Block Ciphers \ Block Ciphers \ Serpent256_OFB (OID: 1.3.6.1.4.1.11591.13.2.43)
JCT:dynamic:98aeb98e;3) Hash and MAC Algorithms;JCT:D \ Algorithms \ Hash \ SHA
JCT:dynamic:e80b5482;4) Digital Signatures/PKI;JCT:A \ Signatures \ Signatures \ SHAwithDSA (OID: 1.3.14.3.2.13)
JCT:dynamic:c8dbf51a;3) Hash and MAC Algorithms;JCT:D \ Message Digests \ SHA1 (OID: 1.3.14.3.2.26)
JCT:dynamic:c4005a94;5) Random Number Generators;JCT:A \ Pseudo Random Number Generators \ SHA1PRNG
JCT:dynamic:9b84e5f9;3) Hash and MAC Algorithms;Message Digests \ SHA256 (OID: 2.16.840.1.101.3.4.2.1)
JCT:dynamic:a089d2c3;3) Hash and MAC Algorithms;JCT:D \ Algorithms \ Hash \ SHA3-Candidates
JCT:dynamic:0902997e;3) Hash and MAC Algorithms;JCT:A \ Message Digests \ SHA384 (OID: 2.16.840.1.101.3.4.2.2)
JCT:dynamic:0002e996;3) Hash and MAC Algorithms;JCT:A \ Message Digests \ SHA512 (OID: 2.16.840.1.101.3.4.2.3)
JCT:dynamic:e6d031a3;2) Modern Ciphers;JCT:A \ Block Ciphers \ Shacal
JCT:dynamic:3f1db599;2) Modern Ciphers;JCT:A \ Block Ciphers \ Shacal2
JCT:dynamic:552f9de5;10) Learning Aids and Visualizations;JCT:D \ Visualizations \ Shamir's Secret Sharing
JCT:dynamic:bc758a8e;13) Protocols;JCT:D \ Visuals \ Shamir's Secret Sharing
JCT:dynamic:991062f2;10) Learning Aids and Visualizations;JCT:D \ Visualizations \ Signature Verification
JCT:dynamic:05a6bdf6;10) Learning Aids and Visualizations;JCT:D \ Visualizations \ Simple Power Analysis \ Square and Multiply
JCT:dynamic:fe6390b2;10) Learning Aids and Visualizations;JCT:D \ Visualizations \ Shanks Babystep-Giantstep
JCT:dynamic:20475521;4) Digital Signatures/PKI;JCT:A \ Signatures \ SSL_MD5andSHA1withRSA
JCT:dynamic:95dd394f;10) Learning Aids and Visualizations;JCT:D \ Visualizations \ SSL \ TLS Handshake
JCT:dynamic:2ef45ac6;1) Classic Ciphers;JCT:D \ Algorithms \ Classic \ Substitution
JCT:dynamic:59d9c4e3;6) Classic Cryptanalysis;JCT:D \ Analysis \ Substitution Analysis
JCT:dynamic:b886fb93;11) Games;JCT:D \ Games \ Sudoku-Solver
JCT:dynamic:a2223ad5;3) Hash and MAC Algorithms;JCT:A \ Message Digests \ Tiger (OID: 1.3.6.1.4.1.11591.12.2)
JCT:dynamic:b737c3eb;1) Classic Ciphers;JCT:D \ Algorithms \ Classic \ Transposition
JCT:dynamic:3e8a3afa;1) Classic Ciphers;JCT:D \ Algorithms \ Classic \ Transposition
JCT:dynamic:ca5b7d8c;6) Classic Cryptanalysis;JCT:D \ Analysis \ Transposition Analysis
JCT:dynamic:9a7f5ca9;3) Hash and MAC Algorithms;JCT:A \ Message Authentication Codes \ Message Authentication Codes \ TTmac128
JCT:dynamic:051a7be6;3) Hash and MAC Algorithms;JCT:A \ Message Authentication Codes \ Message Authentication Codes \ TwoTrackMac160
JCT:dynamic:7a5439c8;3) Hash and MAC Algorithms;JCT:A \ Message Authentication Codes \ Message Authentication Codes \ TwoTrackMac32
JCT:dynamic:1f4983c0;3) Hash and MAC Algorithms;JCT:A \ Message Authentication Codes \ Message Authentication Codes \ TwoTrackMac64
JCT:dynamic:320840f1;3) Hash and MAC Algorithms;JCT:A \ Message Authentication Codes \ Message Authentication Codes \ TwoTrackMac96
JCT:dynamic:cb0cfd98;2) Modern Ciphers;JCT:A \ Block Ciphers \ Twofish
JCT:dynamic:1d6d5caa;10) Learning Aids and Visualizations;JCT:D \ Visualizations \ Verifiable Secret Sharing
JCT:dynamic:f7eb6228;1) Classic Ciphers;JCT:D \ Algorithms \ Classic \ Vigenère
JCT:dynamic:96c8dca6;6) Classic Cryptanalysis;JCT:D \ Analysis \ Vigenère Breaker
JCT:dynamic:3dfbd49a;6) Classic Cryptanalysis;JCT:D \ Analysis \ Viterbi Analysis
JCT:dynamic:ec067d13;10) Learning Aids and Visualizations;JCT:D \ Visuals \ Viterbi
JCT:dynamic:4316bab1;3) Hash and MAC Algorithms;JCT:A \ Message Digests \ VSH
JCT:dynamic:0be97e51;10) Learning Aids and Visualizations;JCT:D \ Visualizations \ WOTS \ WOTS+
JCT:dynamic:61847d03;2) Modern Ciphers;JCT:D \ Algorithms \ XML Security \ 
JCT:dynamic:86843d01;1) Classic Ciphers;JCT:D \ Algorithms \ Classic \ XOR
JCT:dynamic:bee5b897;11) Games;JCT:D \ Games \ Zudo-Ku
