ElGamal (OID: 1.3.14.7.2.1.1);[n.a.];
;[A];Asymmetrische Blockchiffren \ ElGamal (OID: 1.3.14.7.2.1.1)

RprimeRSA;[n.a.];
;[A];Asymmetrische Blockchiffren \ RprimeRSA

MeRSA;[n.a.];
;[A];Asymmetrische Blockchiffren \ MeRSA

McEliecePKCS (OID: 1.3.6.1.4.1.8301.3.1.3.4.1);[n.a.];
;[A];Asymmetrische Blockchiffren \ McEliecePKCS (OID: 1.3.6.1.4.1.8301.3.1.3.4.1)

Niederreiter;[n.a.];
;[A];Asymmetrische Blockchiffren \ Niederreiter

RSA (OID: 1.2.840.113549.1.1.1);[n.a.];
;[A];Asymmetrische Blockchiffren \ RSA (OID: 1.2.840.113549.1.1.1)

RbRSA (OID: 1.2.840.113549.1.1.7);[n.a.];
;[A];Asymmetrische Blockchiffren \ RbRSA (OID: 1.2.840.113549.1.1.7)

RC2_CBC (OID: 1.2.840.113549.3.2);[n.a.];
;[A];Blockchiffren \ RC2 \ RC2_CBC (OID: 1.2.840.113549.3.2)

Camellia256_CBC (OID: 1.2.392.200011.61.1.1.1.4);[n.a.];
;[A];Blockchiffren \ Camellia \ Camellia256_CBC (OID: 1.2.392.200011.61.1.1.1.4)

Camellia192_CBC (OID: 1.2.392.200011.61.1.1.1.3);[n.a.];
;[A];Blockchiffren \ Camellia \ Camellia192_CBC (OID: 1.2.392.200011.61.1.1.1.3)

Camellia128_CBC (OID: 1.2.392.200011.61.1.1.1.2);[n.a.];
;[A];Blockchiffren \ Camellia \ Camellia128_CBC (OID: 1.2.392.200011.61.1.1.1.2)

RC6;[n.a.];
;[A];Blockchiffren \ RC6

RC5;[n.a.];
;[A];Blockchiffren \ RC5

DESede_CBC (OID: 1.2.840.113549.3.7);[n.a.];
;[A];Blockchiffren \ DESede \ DESede_CBC (OID: 1.2.840.113549.3.7)

IDEA_CFB (OID: 1.3.6.1.4.1.188.7.1.1.3);[n.a.];
;[A];Blockchiffren \ IDEA (OID: 1.3.6.1.4.1.188.7.1.1) \ IDEA_CFB (OID: 1.3.6.1.4.1.188.7.1.1.3)

IDEA_ECB (OID: 1.3.6.1.4.1.188.7.1.1.1);[n.a.];
;[A];Blockchiffren \ IDEA (OID: 1.3.6.1.4.1.188.7.1.1) \ IDEA_ECB (OID: 1.3.6.1.4.1.188.7.1.1.1)

IDEA_OFB (OID: 1.3.6.1.4.1.188.7.1.1.4);[n.a.];
;[A];Blockchiffren \ IDEA (OID: 1.3.6.1.4.1.188.7.1.1) \ IDEA_OFB (OID: 1.3.6.1.4.1.188.7.1.1.4)

IDEA_CBC (OID: 1.3.6.1.4.1.188.7.1.1.2);[n.a.];
;[A];Blockchiffren \ IDEA (OID: 1.3.6.1.4.1.188.7.1.1) \ IDEA_CBC (OID: 1.3.6.1.4.1.188.7.1.1.2)

Shacal;[n.a.];
;[A];Blockchiffren \ Shacal

Twofish;[n.a.];
;[A];Blockchiffren \ Twofish

SAFER++;[n.a.];
;[A];Blockchiffren \ SAFER++

SAFER+;[n.a.];
;[A];Blockchiffren \ SAFER+

AES128_ECB (OID: 2.16.840.1.101.3.4.1.1);[n.a.];
;[A];Blockchiffren \ Rijndael \ AES (OID: 2.16.840.1.101.3.4.1) \ AES128_ECB (OID: 2.16.840.1.101.3.4.1.1)

AES256_CFB (OID: 2.16.840.1.101.3.4.1.44);[n.a.];
;[A];Blockchiffren \ Rijndael \ AES (OID: 2.16.840.1.101.3.4.1) \ AES256_CFB (OID: 2.16.840.1.101.3.4.1.44)

AES192_ECB (OID: 2.16.840.1.101.3.4.1.21);[n.a.];
;[A];Blockchiffren \ Rijndael \ AES (OID: 2.16.840.1.101.3.4.1) \ AES192_ECB (OID: 2.16.840.1.101.3.4.1.21)

AES256_CBC (OID: 2.16.840.1.101.3.4.1.42);[n.a.];
;[A];Blockchiffren \ Rijndael \ AES (OID: 2.16.840.1.101.3.4.1) \ AES256_CBC (OID: 2.16.840.1.101.3.4.1.42)

AES128_CBC (OID: 2.16.840.1.101.3.4.1.2);[n.a.];
;[A];Blockchiffren \ Rijndael \ AES (OID: 2.16.840.1.101.3.4.1) \ AES128_CBC (OID: 2.16.840.1.101.3.4.1.2)

AES128_CFB (OID: 2.16.840.1.101.3.4.1.4);[n.a.];
;[A];Blockchiffren \ Rijndael \ AES (OID: 2.16.840.1.101.3.4.1) \ AES128_CFB (OID: 2.16.840.1.101.3.4.1.4)

AES192_OFB (OID: 2.16.840.1.101.3.4.1.23);[n.a.];
;[A];Blockchiffren \ Rijndael \ AES (OID: 2.16.840.1.101.3.4.1) \ AES192_OFB (OID: 2.16.840.1.101.3.4.1.23)

AES192_CFB (OID: 2.16.840.1.101.3.4.1.24);[n.a.];
;[A];Blockchiffren \ Rijndael \ AES (OID: 2.16.840.1.101.3.4.1) \ AES192_CFB (OID: 2.16.840.1.101.3.4.1.24)

AES256_OFB (OID: 2.16.840.1.101.3.4.1.43);[n.a.];
;[A];Blockchiffren \ Rijndael \ AES (OID: 2.16.840.1.101.3.4.1) \ AES256_OFB (OID: 2.16.840.1.101.3.4.1.43)

AES128_OFB (OID: 2.16.840.1.101.3.4.1.3);[n.a.];
;[A];Blockchiffren \ Rijndael \ AES (OID: 2.16.840.1.101.3.4.1) \ AES128_OFB (OID: 2.16.840.1.101.3.4.1.3)

AES256_ECB (OID: 2.16.840.1.101.3.4.1.41);[n.a.];
;[A];Blockchiffren \ Rijndael \ AES (OID: 2.16.840.1.101.3.4.1) \ AES256_ECB (OID: 2.16.840.1.101.3.4.1.41)

AES192_CBC (OID: 2.16.840.1.101.3.4.1.22);[n.a.];
;[A];Blockchiffren \ Rijndael \ AES (OID: 2.16.840.1.101.3.4.1) \ AES192_CBC (OID: 2.16.840.1.101.3.4.1.22)

Shacal2;[n.a.];
;[A];Blockchiffren \ Shacal2

Serpent192_CBC (OID: 1.3.6.1.4.1.11591.13.2.22);[n.a.];
;[A];Blockchiffren \ Serpent (OID: 1.3.6.1.4.1.11591.13.2) \ Serpent192_CBC (OID: 1.3.6.1.4.1.11591.13.2.22)

Serpent192_CFB (OID: 1.3.6.1.4.1.11591.13.2.24);[n.a.];
;[A];Blockchiffren \ Serpent (OID: 1.3.6.1.4.1.11591.13.2) \ Serpent192_CFB (OID: 1.3.6.1.4.1.11591.13.2.24)

Serpent128_OFB (OID: 1.3.6.1.4.1.11591.13.2.3);[n.a.];
;[A];Blockchiffren \ Serpent (OID: 1.3.6.1.4.1.11591.13.2) \ Serpent128_OFB (OID: 1.3.6.1.4.1.11591.13.2.3)

Serpent256_ECB (OID: 1.3.6.1.4.1.11591.13.2.41);[n.a.];
;[A];Blockchiffren \ Serpent (OID: 1.3.6.1.4.1.11591.13.2) \ Serpent256_ECB (OID: 1.3.6.1.4.1.11591.13.2.41)

Serpent256_OFB (OID: 1.3.6.1.4.1.11591.13.2.43);[n.a.];
;[A];Blockchiffren \ Serpent (OID: 1.3.6.1.4.1.11591.13.2) \ Serpent256_OFB (OID: 1.3.6.1.4.1.11591.13.2.43)

Serpent256_CFB (OID: 1.3.6.1.4.1.11591.13.2.44);[n.a.];
;[A];Blockchiffren \ Serpent (OID: 1.3.6.1.4.1.11591.13.2) \ Serpent256_CFB (OID: 1.3.6.1.4.1.11591.13.2.44)

Serpent128_ECB (OID: 1.3.6.1.4.1.11591.13.2.1);[n.a.];
;[A];Blockchiffren \ Serpent (OID: 1.3.6.1.4.1.11591.13.2) \ Serpent128_ECB (OID: 1.3.6.1.4.1.11591.13.2.1)

Serpent192_OFB (OID: 1.3.6.1.4.1.11591.13.2.23);[n.a.];
;[A];Blockchiffren \ Serpent (OID: 1.3.6.1.4.1.11591.13.2) \ Serpent192_OFB (OID: 1.3.6.1.4.1.11591.13.2.23)

Serpent192_ECB (OID: 1.3.6.1.4.1.11591.13.2.21);[n.a.];
;[A];Blockchiffren \ Serpent (OID: 1.3.6.1.4.1.11591.13.2) \ Serpent192_ECB (OID: 1.3.6.1.4.1.11591.13.2.21)

Serpent128_CBC (OID: 1.3.6.1.4.1.11591.13.2.2);[n.a.];
;[A];Blockchiffren \ Serpent (OID: 1.3.6.1.4.1.11591.13.2) \ Serpent128_CBC (OID: 1.3.6.1.4.1.11591.13.2.2)

Serpent128_CFB (OID: 1.3.6.1.4.1.11591.13.2.4);[n.a.];
;[A];Blockchiffren \ Serpent (OID: 1.3.6.1.4.1.11591.13.2) \ Serpent128_CFB (OID: 1.3.6.1.4.1.11591.13.2.4)

Serpent256_CBC (OID: 1.3.6.1.4.1.11591.13.2.42);[n.a.];
;[A];Blockchiffren \ Serpent (OID: 1.3.6.1.4.1.11591.13.2) \ Serpent256_CBC (OID: 1.3.6.1.4.1.11591.13.2.42)

MARS;[n.a.];
;[A];Blockchiffren \ MARS

Misty1;[n.a.];
;[A];Blockchiffren \ Misty1

ECIES;[n.a.];
;[A];Hybride Verschlüsselung \ ECIES

McEliecePointchevalCipher (OID: 1.3.6.1.4.1.8301.3.1.3.4.2.2);[n.a.];
;[A];Hybride Verschlüsselung \ McEliecePointchevalCipher (OID: 1.3.6.1.4.1.8301.3.1.3.4.2.2)

McElieceFujisakiCipher (OID: 1.3.6.1.4.1.8301.3.1.3.4.2.1);[n.a.];
;[A];Hybride Verschlüsselung \ McElieceFujisakiCipher (OID: 1.3.6.1.4.1.8301.3.1.3.4.2.1)

McElieceKobaraImaiCipher (OID: 1.3.6.1.4.1.8301.3.1.3.4.2.3);[n.a.];
;[A];Hybride Verschlüsselung \ McElieceKobaraImaiCipher (OID: 1.3.6.1.4.1.8301.3.1.3.4.2.3)

CmacAES128;[n.a.];
;[A];Authentifizierungscodes \ CMac \ CmacAES128

CmacAES192;[n.a.];
;[A];Authentifizierungscodes \ CMac \ CmacAES192

CmacDESede;[n.a.];
;[A];Authentifizierungscodes \ CMac \ CmacDESede

CmacAES256;[n.a.];
;[A];Authentifizierungscodes \ CMac \ CmacAES256

HmacTiger (OID: 1.3.6.1.5.5.8.1.3);[n.a.];
;[A];Authentifizierungscodes \ HMac \ HmacTiger (OID: 1.3.6.1.5.5.8.1.3)

HmacMD5 (OID: 1.3.6.1.5.5.8.1.1);[n.a.];
;[A];Authentifizierungscodes \ HMac \ HmacMD5 (OID: 1.3.6.1.5.5.8.1.1)

HmacFORK256;[n.a.];
;[A];Authentifizierungscodes \ HMac \ HmacFORK256

HmacSHA512;[n.a.];
;[A];Authentifizierungscodes \ HMac \ HmacSHA512

HmacSHA224;[n.a.];
;[A];Authentifizierungscodes \ HMac \ HmacSHA224

HmacMD4;[n.a.];
;[A];Authentifizierungscodes \ HMac \ HmacMD4

HmacRIPEMD256;[n.a.];
;[A];Authentifizierungscodes \ HMac \ HmacRIPEMD256

HmacSHA256;[n.a.];
;[A];Authentifizierungscodes \ HMac \ HmacSHA256

HmacRIPEMD128;[n.a.];
;[A];Authentifizierungscodes \ HMac \ HmacRIPEMD128

HmacSHA384;[n.a.];
;[A];Authentifizierungscodes \ HMac \ HmacSHA384

Hmac (OID: 1.3.6.1.5.5.8.1.2);[n.a.];
;[A];Authentifizierungscodes \ HMac \ Hmac (OID: 1.3.6.1.5.5.8.1.2)

HmacRIPEMD160 (OID: 1.3.6.1.5.5.8.1.4);[n.a.];
;[A];Authentifizierungscodes \ HMac \ HmacRIPEMD160 (OID: 1.3.6.1.5.5.8.1.4)

HmacDHA256;[n.a.];
;[A];Authentifizierungscodes \ HMac \ HmacDHA256

HmacRIPEMD320;[n.a.];
;[A];Authentifizierungscodes \ HMac \ HmacRIPEMD320

CBCmacSerpent;[n.a.];
;[A];Authentifizierungscodes \ CBCMac \ CBCmacSerpent

CBCmacRC5;[n.a.];
;[A];Authentifizierungscodes \ CBCMac \ CBCmacRC5

CBCmacAES256;[n.a.];
;[A];Authentifizierungscodes \ CBCMac \ CBCmacAES256

CBCmacRC6;[n.a.];
;[A];Authentifizierungscodes \ CBCMac \ CBCmacRC6

CBCmacRC2;[n.a.];
;[A];Authentifizierungscodes \ CBCMac \ CBCmacRC2

CBCmacIDEA;[n.a.];
;[A];Authentifizierungscodes \ CBCMac \ CBCmacIDEA

CBCmacMisty1;[n.a.];
;[A];Authentifizierungscodes \ CBCMac \ CBCmacMisty1

CBCmacAES192;[n.a.];
;[A];Authentifizierungscodes \ CBCMac \ CBCmacAES192

CBCmacMARS;[n.a.];
;[A];Authentifizierungscodes \ CBCMac \ CBCmacMARS

CBCmacCamellia;[n.a.];
;[A];Authentifizierungscodes \ CBCMac \ CBCmacCamellia

CBCmacSAFER+;[n.a.];
;[A];Authentifizierungscodes \ CBCMac \ CBCmacSAFER+

CBCmacDESede;[n.a.];
;[A];Authentifizierungscodes \ CBCMac \ CBCmacDESede

CBCmacTwofish;[n.a.];
;[A];Authentifizierungscodes \ CBCMac \ CBCmacTwofish

CBCmacShacal;[n.a.];
;[A];Authentifizierungscodes \ CBCMac \ CBCmacShacal

CBCmacShacal2;[n.a.];
;[A];Authentifizierungscodes \ CBCMac \ CBCmacShacal2

CBCmacAES128;[n.a.];
;[A];Authentifizierungscodes \ CBCMac \ CBCmacAES128

CBCmacSAFER++;[n.a.];
;[A];Authentifizierungscodes \ CBCMac \ CBCmacSAFER++

TwoTrackMac160;[n.a.];
;[A];Authentifizierungscodes \ TwoTrackMac \ TwoTrackMac160

TwoTrackMac64;[n.a.];
;[A];Authentifizierungscodes \ TwoTrackMac \ TwoTrackMac64

TwoTrackMac32;[n.a.];
;[A];Authentifizierungscodes \ TwoTrackMac \ TwoTrackMac32

TwoTrackMac96;[n.a.];
;[A];Authentifizierungscodes \ TwoTrackMac \ TwoTrackMac96

TTmac128;[n.a.];
;[A];Authentifizierungscodes \ TwoTrackMac \ TTmac128

RIPEMD320;[n.a.];
;[A];Hash-Funktionen \ RIPEMD320

SHA384 (OID: 2.16.840.1.101.3.4.2.2);[n.a.];
;[A];Hash-Funktionen \ SHA384 (OID: 2.16.840.1.101.3.4.2.2)

DHA256;[n.a.];
;[A];Hash-Funktionen \ DHA256

RIPEMD128 (OID: 1.3.36.3.2.2);[n.a.];
;[A];Hash-Funktionen \ RIPEMD128 (OID: 1.3.36.3.2.2)

VSH;[n.a.];
;[A];Hash-Funktionen \ VSH

MD5 (OID: 1.2.840.113549.2.5);[n.a.];
;[A];Hash-Funktionen \ MD5 (OID: 1.2.840.113549.2.5)

SHA224 (OID: 2.16.840.1.101.3.4.2.4);[n.a.];
;[A];Hash-Funktionen \ SHA224 (OID: 2.16.840.1.101.3.4.2.4)

SHA1 (OID: 1.3.14.3.2.26);[n.a.];
;[A];Hash-Funktionen \ SHA1 (OID: 1.3.14.3.2.26)

RIPEMD160 (OID: 1.3.36.3.2.1);[n.a.];
;[A];Hash-Funktionen \ RIPEMD160 (OID: 1.3.36.3.2.1)

SHA256 (OID: 2.16.840.1.101.3.4.2.1);[n.a.];
;[A];Hash-Funktionen \ SHA256 (OID: 2.16.840.1.101.3.4.2.1)

FORK256;[n.a.];
;[A];Hash-Funktionen \ FORK256

Tiger (OID: 1.3.6.1.4.1.11591.12.2);[n.a.];
;[A];Hash-Funktionen \ Tiger (OID: 1.3.6.1.4.1.11591.12.2)

MD4 (OID: 1.2.840.113549.2.4);[n.a.];
;[A];Hash-Funktionen \ MD4 (OID: 1.2.840.113549.2.4)

SHA512 (OID: 2.16.840.1.101.3.4.2.3);[n.a.];
;[A];Hash-Funktionen \ SHA512 (OID: 2.16.840.1.101.3.4.2.3)

RIPEMD256 (OID: 1.3.36.3.2.3);[n.a.];
;[A];Hash-Funktionen \ RIPEMD256 (OID: 1.3.36.3.2.3)

PbeWithSHAAnd40BitRC2_CBC (OID: 1.2.840.113549.1.12.1.6);[n.a.];
;[A];Passwortbasierte Chiffren \ PbeWithSHAAnd40BitRC2_CBC (OID: 1.2.840.113549.1.12.1.6)

PBES2 (OID: 1.2.840.113549.1.5.13);[n.a.];
;[A];Passwortbasierte Chiffren \ PBES2 (OID: 1.2.840.113549.1.5.13)

PbeWithSHAAnd3_KeyTripleDES_CBC (OID: 1.2.840.113549.1.12.1.3);[n.a.];
;[A];Passwortbasierte Chiffren \ PbeWithSHAAnd3_KeyTripleDES_CBC (OID: 1.2.840.113549.1.12.1.3)

PbeWithSHA1AndDES_CBC (OID: 1.2.840.113549.1.5.10);[n.a.];
;[A];Passwortbasierte Chiffren \ PbeWithSHA1AndDES_CBC (OID: 1.2.840.113549.1.5.10)

PbeWithMD5AndDES_CBC (OID: 1.2.840.113549.1.5.3);[n.a.];
;[A];Passwortbasierte Chiffren \ PbeWithMD5AndDES_CBC (OID: 1.2.840.113549.1.5.3)

SHA1PRNG;[n.a.];
;[A];Pseudo-Zufallszahlengeneratoren \ SHA1PRNG

BBSRandom;[n.a.];
;[A];Pseudo-Zufallszahlengeneratoren \ BBSRandom

ECPRNG;[n.a.];
;[A];Pseudo-Zufallszahlengeneratoren \ ECPRNG

SHA1/ECNR;[n.a.];
;[A];Signaturen \ SHA1/ECNR

RprimeRSA;[n.a.];
;[A];Signaturen \ RprimeRSA

MeRSA;[n.a.];
;[A];Signaturen \ MeRSA

RIPEMD160/RSA (OID: 1.3.36.3.3.1.2);[n.a.];
;[A];Signaturen \ RSASignaturePKCS1v15 \ RIPEMD160/RSA (OID: 1.3.36.3.3.1.2)

SHA384withRSA (OID: 1.2.840.113549.1.1.12);[n.a.];
;[A];Signaturen \ RSASignaturePKCS1v15 \ SHA384withRSA (OID: 1.2.840.113549.1.1.12)

SHA1/RSA/RAW;[n.a.];
;[A];Signaturen \ RSASignaturePKCS1v15 \ SHA1/RSA/RAW

SHA512withRSA (OID: 1.2.840.113549.1.1.13);[n.a.];
;[A];Signaturen \ RSASignaturePKCS1v15 \ SHA512withRSA (OID: 1.2.840.113549.1.1.13)

SHA384/RSA/RAW;[n.a.];
;[A];Signaturen \ RSASignaturePKCS1v15 \ SHA384/RSA/RAW

MD5withRSA (OID: 1.2.840.113549.1.1.4);[n.a.];
;[A];Signaturen \ RSASignaturePKCS1v15 \ MD5withRSA (OID: 1.2.840.113549.1.1.4)

SHA224/RSA (OID: 1.2.840.113549.1.1.14);[n.a.];
;[A];Signaturen \ RSASignaturePKCS1v15 \ SHA224/RSA (OID: 1.2.840.113549.1.1.14)

SHA256withRSA (OID: 1.2.840.113549.1.1.11);[n.a.];
;[A];Signaturen \ RSASignaturePKCS1v15 \ SHA256withRSA (OID: 1.2.840.113549.1.1.11)

SHA1/RSA (OID: 1.2.840.113549.1.1.5);[n.a.];
;[A];Signaturen \ RSASignaturePKCS1v15 \ SHA1/RSA (OID: 1.2.840.113549.1.1.5)

MD5/RSA/RAW;[n.a.];
;[A];Signaturen \ RSASignaturePKCS1v15 \ MD5/RSA/RAW

SHA512/RSA/RAW;[n.a.];
;[A];Signaturen \ RSASignaturePKCS1v15 \ SHA512/RSA/RAW

SHA224/RSA/RAW;[n.a.];
;[A];Signaturen \ RSASignaturePKCS1v15 \ SHA224/RSA/RAW

RIPEMD160/RSA/RAW;[n.a.];
;[A];Signaturen \ RSASignaturePKCS1v15 \ RIPEMD160/RSA/RAW

SHA256/RSA/RAW;[n.a.];
;[A];Signaturen \ RSASignaturePKCS1v15 \ SHA256/RSA/RAW

IQGQ (OID: 1.3.6.1.4.1.8301.3.1.1.5);[n.a.];
;[A];Signaturen \ IQGQSignature \ IQGQ (OID: 1.3.6.1.4.1.8301.3.1.1.5)

RIPEMD160withIQGQ (OID: 1.3.6.1.4.1.8301.3.1.1.6);[n.a.];
;[A];Signaturen \ IQGQSignature \ RIPEMD160withIQGQ (OID: 1.3.6.1.4.1.8301.3.1.1.6)

RAW/DSA;[n.a.];
;[A];Signaturen \ DSASignature \ RAW/DSA

SHAwithDSA (OID: 1.3.14.3.2.13);[n.a.];
;[A];Signaturen \ DSASignature \ SHAwithDSA (OID: 1.3.14.3.2.13)

IQDSA (OID: 1.3.6.1.4.1.8301.3.1.1.2);[n.a.];
;[A];Signaturen \ IQDSASignature \ IQDSA (OID: 1.3.6.1.4.1.8301.3.1.1.2)

RIPEMD160withIQDSA (OID: 1.3.6.1.4.1.8301.3.1.1.3);[n.a.];
;[A];Signaturen \ IQDSASignature \ RIPEMD160withIQDSA (OID: 1.3.6.1.4.1.8301.3.1.1.3)

CMSSwithSHA512andWinternitzOTS_1 (OID: 1.3.6.1.4.1.8301.3.1.3.2.13);[n.a.];
;[A];Signaturen \ CMSSSignature \ CMSSwithSHA512andWinternitzOTS_1 (OID: 1.3.6.1.4.1.8301.3.1.3.2.13)

CMSSwithSHA256andWinternitzOTS_4 (OID: 1.3.6.1.4.1.8301.3.1.3.2.8);[n.a.];
;[A];Signaturen \ CMSSSignature \ CMSSwithSHA256andWinternitzOTS_4 (OID: 1.3.6.1.4.1.8301.3.1.3.2.8)

CMSSwithSHA512andWinternitzOTS_3 (OID: 1.3.6.1.4.1.8301.3.1.3.2.15);[n.a.];
;[A];Signaturen \ CMSSSignature \ CMSSwithSHA512andWinternitzOTS_3 (OID: 1.3.6.1.4.1.8301.3.1.3.2.15)

CMSSwithSHA1andWinternitzOTS_1 (OID: 1.3.6.1.4.1.8301.3.1.3.2.1);[n.a.];
;[A];Signaturen \ CMSSSignature \ CMSSwithSHA1andWinternitzOTS_1 (OID: 1.3.6.1.4.1.8301.3.1.3.2.1)

CMSSwithSHA512andWinternitzOTS_2 (OID: 1.3.6.1.4.1.8301.3.1.3.2.14);[n.a.];
;[A];Signaturen \ CMSSSignature \ CMSSwithSHA512andWinternitzOTS_2 (OID: 1.3.6.1.4.1.8301.3.1.3.2.14)

CMSSwithSHA256andWinternitzOTS_3 (OID: 1.3.6.1.4.1.8301.3.1.3.2.7);[n.a.];
;[A];Signaturen \ CMSSSignature \ CMSSwithSHA256andWinternitzOTS_3 (OID: 1.3.6.1.4.1.8301.3.1.3.2.7)

CMSSwithSHA384andWinternitzOTS_3 (OID: 1.3.6.1.4.1.8301.3.1.3.2.11);[n.a.];
;[A];Signaturen \ CMSSSignature \ CMSSwithSHA384andWinternitzOTS_3 (OID: 1.3.6.1.4.1.8301.3.1.3.2.11)

CMSSwithSHA384andWinternitzOTS_4 (OID: 1.3.6.1.4.1.8301.3.1.3.2.12);[n.a.];
;[A];Signaturen \ CMSSSignature \ CMSSwithSHA384andWinternitzOTS_4 (OID: 1.3.6.1.4.1.8301.3.1.3.2.12)

CMSSwithSHA384andWinternitzOTS_1 (OID: 1.3.6.1.4.1.8301.3.1.3.2.9);[n.a.];
;[A];Signaturen \ CMSSSignature \ CMSSwithSHA384andWinternitzOTS_1 (OID: 1.3.6.1.4.1.8301.3.1.3.2.9)

CMSSwithSHA384andWinternitzOTS_2 (OID: 1.3.6.1.4.1.8301.3.1.3.2.10);[n.a.];
;[A];Signaturen \ CMSSSignature \ CMSSwithSHA384andWinternitzOTS_2 (OID: 1.3.6.1.4.1.8301.3.1.3.2.10)

CMSSwithSHA256andWinternitzOTS_1 (OID: 1.3.6.1.4.1.8301.3.1.3.2.5);[n.a.];
;[A];Signaturen \ CMSSSignature \ CMSSwithSHA256andWinternitzOTS_1 (OID: 1.3.6.1.4.1.8301.3.1.3.2.5)

CMSSwithSHA1andWinternitzOTS_4 (OID: 1.3.6.1.4.1.8301.3.1.3.2.4);[n.a.];
;[A];Signaturen \ CMSSSignature \ CMSSwithSHA1andWinternitzOTS_4 (OID: 1.3.6.1.4.1.8301.3.1.3.2.4)

CMSSwithSHA1andWinternitzOTS_2 (OID: 1.3.6.1.4.1.8301.3.1.3.2.2);[n.a.];
;[A];Signaturen \ CMSSSignature \ CMSSwithSHA1andWinternitzOTS_2 (OID: 1.3.6.1.4.1.8301.3.1.3.2.2)

CMSSwithSHA1andWinternitzOTS_3 (OID: 1.3.6.1.4.1.8301.3.1.3.2.3);[n.a.];
;[A];Signaturen \ CMSSSignature \ CMSSwithSHA1andWinternitzOTS_3 (OID: 1.3.6.1.4.1.8301.3.1.3.2.3)

CMSSwithSHA512andWinternitzOTS_4 (OID: 1.3.6.1.4.1.8301.3.1.3.2.16);[n.a.];
;[A];Signaturen \ CMSSSignature \ CMSSwithSHA512andWinternitzOTS_4 (OID: 1.3.6.1.4.1.8301.3.1.3.2.16)

CMSS (OID: 1.3.6.1.4.1.8301.3.1.3.2.6);[n.a.];
;[A];Signaturen \ CMSSSignature \ CMSS (OID: 1.3.6.1.4.1.8301.3.1.3.2.6)

IQRDSA (OID: 1.3.6.1.4.1.8301.3.1.1.8);[n.a.];
;[A];Signaturen \ IQRDSASignature \ IQRDSA (OID: 1.3.6.1.4.1.8301.3.1.1.8)

RIPEMD160withIQRDSA (OID: 1.3.6.1.4.1.8301.3.1.1.9);[n.a.];
;[A];Signaturen \ IQRDSASignature \ RIPEMD160withIQRDSA (OID: 1.3.6.1.4.1.8301.3.1.1.9)

RbRSA (OID: 1.2.840.113549.1.1.10);[n.a.];
;[A];Signaturen \ RbRSA (OID: 1.2.840.113549.1.1.10)

NiederreiterCFS (OID: 1.3.6.1.4.1.8301.3.1.3.4.3.2);[n.a.];
;[A];Signaturen \ NiederreiterCFS (OID: 1.3.6.1.4.1.8301.3.1.3.4.3.2)

GMSSwithSHA512 (OID: 1.3.6.1.4.1.8301.3.1.3.3.5);[n.a.];
;[A];Signaturen \ GMSSSignature \ GMSSwithSHA512 (OID: 1.3.6.1.4.1.8301.3.1.3.3.5)

GMSSwithSHA1 (OID: 1.3.6.1.4.1.8301.3.1.3.3.1);[n.a.];
;[A];Signaturen \ GMSSSignature \ GMSSwithSHA1 (OID: 1.3.6.1.4.1.8301.3.1.3.3.1)

GMSSwithSHA224 (OID: 1.3.6.1.4.1.8301.3.1.3.3.2);[n.a.];
;[A];Signaturen \ GMSSSignature \ GMSSwithSHA224 (OID: 1.3.6.1.4.1.8301.3.1.3.3.2)

GMSSwithSHA256 (OID: 1.3.6.1.4.1.8301.3.1.3.3.3);[n.a.];
;[A];Signaturen \ GMSSSignature \ GMSSwithSHA256 (OID: 1.3.6.1.4.1.8301.3.1.3.3.3)

GMSSwithSHA384 (OID: 1.3.6.1.4.1.8301.3.1.3.3.4);[n.a.];
;[A];Signaturen \ GMSSSignature \ GMSSwithSHA384 (OID: 1.3.6.1.4.1.8301.3.1.3.3.4)

SHA1/ECDSA (OID: 1.2.840.10045.4.1);[n.a.];
;[A];Signaturen \ ECDSASignature \ SHA1/ECDSA (OID: 1.2.840.10045.4.1)

SHA512/ECDSA (OID: 1.2.840.10045.4.3.4);[n.a.];
;[A];Signaturen \ ECDSASignature \ SHA512/ECDSA (OID: 1.2.840.10045.4.3.4)

RawECDSA;[n.a.];
;[A];Signaturen \ ECDSASignature \ RawECDSA

SHA224/ECDSA (OID: 1.2.840.10045.4.3.1);[n.a.];
;[A];Signaturen \ ECDSASignature \ SHA224/ECDSA (OID: 1.2.840.10045.4.3.1)

SHA256/ECDSA (OID: 1.2.840.10045.4.3.2);[n.a.];
;[A];Signaturen \ ECDSASignature \ SHA256/ECDSA (OID: 1.2.840.10045.4.3.2)

SHA384/ECDSA (OID: 1.2.840.10045.4.3.3);[n.a.];
;[A];Signaturen \ ECDSASignature \ SHA384/ECDSA (OID: 1.2.840.10045.4.3.3)

SSL_MD5andSHA1withRSA;[n.a.];
;[A];Signaturen \ SSL_MD5andSHA1withRSA

MerkleOTSwithSHA512 (OID: 1.3.6.1.4.1.8301.3.1.3.1.1.4);[n.a.];
;[A];Signaturen \ MerkleOTSSignature \ MerkleOTSwithSHA512 (OID: 1.3.6.1.4.1.8301.3.1.3.1.1.4)

MerkleOTSwithSHA384 (OID: 1.3.6.1.4.1.8301.3.1.3.1.1.3);[n.a.];
;[A];Signaturen \ MerkleOTSSignature \ MerkleOTSwithSHA384 (OID: 1.3.6.1.4.1.8301.3.1.3.1.1.3)

MerkleOTSwithSHA1 (OID: 1.3.6.1.4.1.8301.3.1.3.1.1.1);[n.a.];
;[A];Signaturen \ MerkleOTSSignature \ MerkleOTSwithSHA1 (OID: 1.3.6.1.4.1.8301.3.1.3.1.1.1)

MerkleOTSwithSHA256 (OID: 1.3.6.1.4.1.8301.3.1.3.1.1.2);[n.a.];
;[A];Signaturen \ MerkleOTSSignature \ MerkleOTSwithSHA256 (OID: 1.3.6.1.4.1.8301.3.1.3.1.1.2)

ADFGVX;[n.a.];
;[D];Algorithmen \ Klassisch \ ADFGVX

Autokey-Vigenère;[n.a.];
;[D];Algorithmen \ Klassisch \ Autokey-Vigenère

Caesar;[n.a.];
;[D];Algorithmen \ Klassisch \ Caesar

Bifid-Verfahren;[n.a.];
;[D];Algorithmen \ Klassisch \ Bifid-Verfahren

Doppelkasten;[n.a.];
;[D];Algorithmen \ Klassisch \ Doppelkasten

Playfair;[n.a.];
;[D];Algorithmen \ Klassisch \ Playfair

Substitution;[n.a.];
;[D];Algorithmen \ Klassisch \ Substitution

Transposition;[n.a.];
;[D];Algorithmen \ Klassisch \ Transposition

Vigenère;[n.a.];
;[D];Algorithmen \ Klassisch \ Vigenère

XOR;[n.a.];
;[D];Algorithmen \ Klassisch \ XOR

RSA;[n.a.];
;[D];Algorithmen \ Asymmetrisch \ RSA

MD5;[n.a.];
;[D];Algorithmen \ Hash \ MD5

AES;[n.a.];
;[D];Algorithmen \ Symmetrisch \ AES

SHA;[n.a.];
;[D];Algorithmen \ Hash \ SHA

RC6;[n.a.];
;[D];Algorithmen \ Symmetrisch \ RC6

IDEA;[n.a.];
;[D];Algorithmen \ Symmetrisch \ IDEA

DSA;[n.a.];
;[D];Algorithmen \ Signatur \ DSA

ElGamal;[n.a.];
;[D];Algorithmen \ Asymmetrisch \ ElGamal

HMacMD5;[n.a.];
;[D];Algorithmen \ MAC \ HMacMD5

SHA1;[n.a.];
;[D];Algorithmen \ Zufallszahlengenerator \ SHA1

SHA-3-Kandidaten;[n.a.];
;[D];Algorithmen \ Hash \ SHA-3-Kandidaten

ARC4/Spritz;[n.a.];
;[D];Algorithmen \ Symmetrisch \ ARC4/Spritz

Dragon;[n.a.];
;[D];Algorithmen \ Symmetrisch \ Dragon

LFSR;[n.a.];
;[D];Algorithmen \ Symmetrisch \ LFSR

Entropie-Analyse;[n.a.];
;[D];Analysen \ Entropie-Analyse

Fleißner-Analyse;[n.a.];
;[D];Analysen \ Fleißner-Analyse

Häufigkeits-Analyse;[n.a.];
;[D];Analysen \ Häufigkeits-Analyse

Friedman-Test;[n.a.];
;[D];Analysen \ Friedman-Test

Substitutions-Analyse;[n.a.];
;[D];Analysen \ Substitutions-Analyse

Transpositions-Analyse;[n.a.];
;[D];Analysen \ Transpositions-Analyse

Vigenère-Breaker;[n.a.];
;[D];Analysen \ Vigenère-Breaker

Viterbi-Analyse;[n.a.];
;[D];Analysen \ Viterbi-Analyse

Teilerspiel;[n.a.];
;[D];Spiele \ Teilerspiel

Zahlenhai;[n.a.];
;[D];Spiele \ Zahlenhai

Sudoku-Solver;[n.a.];
;[D];Spiele \ Sudoku-Solver

Zudo-Ku;[n.a.];
;[D];Spiele \ Zudo-Ku

Multipartite Key Exchange;[n.a.];
;[D];Visualisierungen \ Multipartite Key Exchange

Ameisenkolonie-Optimierung (ACO);[n.a.];
;[D];Visualisierungen \ Ameisenkolonie-Optimierung (ACO)

ARC4 / Spritz;[n.a.];
;[D];Visualisierungen \ ARC4 / Spritz

Android-Mustersperre (AUP);[n.a.];
;[D];Visualisierungen \ Android-Mustersperre (AUP)

Shanks Babystep-Giantstep;[n.a.];
;[D];Visualisierungen \ Shanks Babystep-Giantstep

Chinesischer Restsatz (CRT);[n.a.];
;[D];Visualisierungen \ Chinesischer Restsatz (CRT)

Zertifikat-Verifikation;[n.a.];
;[D];Visualisierungen \ Zertifikat-Verifikation

Innere Zustände im Data Encryption Standard (DES);[n.a.];
;[D];Visualisierungen \ Innere Zustände im Data Encryption Standard (DES)

Elliptische-Kurven-Berechnungen;[n.a.];
;[D];Visualisierungen \ Elliptische-Kurven-Berechnungen

Diffie-Hellman Schlüsselaustausch (EC);[n.a.];
;[D];Visualisierungen \ Diffie-Hellman Schlüsselaustausch (EC)

ElGamal-Kryptosystem;[n.a.];
;[D];Visualisierungen \ ElGamal-Kryptosystem

Erweiterter Euklid / Wechselwegnahme;[n.a.];
;[D];Visualisierungen \ Erweiterter Euklid / Wechselwegnahme

Erweitertes RSA-Kryptosystem;[n.a.];
;[D];Visualisierungen \ Erweitertes RSA-Kryptosystem

Fleißner / Grille;[n.a.];
;[D];Visualisierungen \ Fleißner / Grille

Hash-Sensitivität;[n.a.];
;[D];Visualisierungen \ Hash-Sensitivität

Homomorphe Verschlüsselung;[n.a.];
;[D];Visualisierungen \ Homomorphe Verschlüsselung

Huffman-Kodierung;[n.a.];
;[D];Visualisierungen \ Huffman-Kodierung

Public-Key-Infrastruktur;[n.a.];
;[D];Visualisierungen \ Public-Key-Infrastruktur

Kleptographie;[n.a.];
;[D];Visualisierungen \ Kleptographie

Merkle-Hellman Rucksack-Verschlüsselung;[n.a.];
;[D];Visualisierungen \ Merkle-Hellman Rucksack-Verschlüsselung

Merkle-Signaturverfahren (XMSS^MT);[n.a.];
;[D];Visualisierungen \ Merkle-Signaturverfahren (XMSS^MT)

RSA-Kryptosystem;[n.a.];
;[D];Visualisierungen \ RSA-Kryptosystem

Shamir's Secret Sharing;[n.a.];
;[D];Visualisierungen \ Shamir's Secret Sharing

Differential Power Analysis / Double and Add;[n.a.];
;[D];Visualisierungen \ Differential Power Analysis / Double and Add

Simple Power Analysis / Square and Multiply;[n.a.];
;[D];Visualisierungen \ Simple Power Analysis / Square and Multiply

Signatur-Demo;[n.a.];
;[D];Visualisierungen \ Signatur-Demo

Signatur-Verifikation;[n.a.];
;[D];Visualisierungen \ Signatur-Verifikation

SPHINCS-Signatur;[n.a.];
;[D];Visualisierungen \ SPHINCS-Signatur

SPHINCS+-Signatur;[n.a.];
;[D];Visualisierungen \ SPHINCS+-Signatur

SSL/TLS-Handshake;[n.a.];
;[D];Visualisierungen \ SSL/TLS-Handshake

Verifiable-Secret-Sharing;[n.a.];
;[D];Visualisierungen \ Verifiable-Secret-Sharing

WOTS/WOTS+;[n.a.];
;[D];Visualisierungen \ WOTS/WOTS+

Magische Tür;[n.a.];
;[D];Visualisierungen \ Magische Tür

Fiat Shamir;[n.a.];
;[D];Visualisierungen \ Fiat Shamir

Feige Fiat Shamir;[n.a.];
;[D];Visualisierungen \ Feige Fiat Shamir

Graphenisomorphie;[n.a.];
;[D];Visualisierungen \ Graphenisomorphie

