JCT:dynamic:6a60a3a0;2) Modern Ciphers;JCT:A \ Asymmetric Block Ciphers \ ElGamal
JCT:dynamic:6dafd5ec;2) Modern Ciphers;JCT:A \ Asymmetric Block Ciphers \ McEliecePKCS
JCT:dynamic:8433b391;2) Modern Ciphers;JCT:A \ Asymmetric Block Ciphers \ RSA
JCT:dynamic:2711602d;2) Modern Ciphers;JCT:A \ Asymmetric Block Ciphers \ RbRSA
JCT:dynamic:c84f9308;2) Modern Ciphers;JCT:A \ Block Ciphers \ RC2 \ RC2_CBC
JCT:dynamic:5367687f;2) Modern Ciphers;JCT:A \ Block Ciphers \ Camellia \ Camellia256_CBC
JCT:dynamic:b06a9ecd;2) Modern Ciphers;JCT:A \ Block Ciphers \ Camellia \ Camellia192_CBC
JCT:dynamic:e85dca58;2) Modern Ciphers;JCT:A \ Block Ciphers \ Camellia \ Camellia128_CBC
JCT:dynamic:d7acbacf;2) Modern Ciphers;JCT:A \ Block Ciphers \ RC6
JCT:dynamic:e959a5a0;2) Modern Ciphers;JCT:A \ Block Ciphers \ DESede \ DESede_CBC
JCT:dynamic:37e1eb34;2) Modern Ciphers;JCT:A \ Block Ciphers \ IDEA \ IDEA_CFB
JCT:dynamic:a2e234ff;2) Modern Ciphers;JCT:A \ Block Ciphers \ IDEA \ IDEA_ECB
JCT:dynamic:f72a87b6;2) Modern Ciphers;JCT:A \ Block Ciphers \ IDEA \ IDEA_OFB
JCT:dynamic:c5296347;2) Modern Ciphers;JCT:A \ Block Ciphers \ IDEA \ IDEA_CBC
JCT:dynamic:36da3b01;2) Modern Ciphers;JCT:A \ Block Ciphers \ Rijndael \ AES \ AES128_ECB
JCT:dynamic:af3e831d;2) Modern Ciphers;JCT:A \ Block Ciphers \ Rijndael \ AES \ AES256_CFB
JCT:dynamic:2e4ae39e;2) Modern Ciphers;JCT:A \ Block Ciphers \ Rijndael \ AES \ AES192_ECB
JCT:dynamic:5aeea90d;2) Modern Ciphers;JCT:A \ Block Ciphers \ Rijndael \ AES \ AES256_CBC
JCT:dynamic:f479de74;2) Modern Ciphers;JCT:A \ Block Ciphers \ Rijndael \ AES \ AES128_CBC
JCT:dynamic:7474ac46;2) Modern Ciphers;JCT:A \ Block Ciphers \ Rijndael \ AES \ AES128_CFB
JCT:dynamic:a811de10;2) Modern Ciphers;JCT:A \ Block Ciphers \ Rijndael \ AES \ AES192_OFB
JCT:dynamic:cf76842d;2) Modern Ciphers;JCT:A \ Block Ciphers \ Rijndael \ AES \ AES192_CFB
JCT:dynamic:3586b498;2) Modern Ciphers;JCT:A \ Block Ciphers \ Rijndael \ AES \ AES256_OFB
JCT:dynamic:15e27552;2) Modern Ciphers;JCT:A \ Block Ciphers \ Rijndael \ AES \ AES128_OFB
JCT:dynamic:3c0052be;2) Modern Ciphers;JCT:A \ Block Ciphers \ Rijndael \ AES \ AES256_ECB
JCT:dynamic:bdb8ffda;2) Modern Ciphers;JCT:A \ Block Ciphers \ Rijndael \ AES \ AES192_CBC
JCT:dynamic:c7e6094f;2) Modern Ciphers;JCT:A \ Block Ciphers \ Serpent \ Serpent192_CBC
JCT:dynamic:717f64d4;2) Modern Ciphers;JCT:A \ Block Ciphers \ Serpent \ Serpent192_CFB
JCT:dynamic:57cc72b9;2) Modern Ciphers;JCT:A \ Block Ciphers \ Serpent \ Serpent128_OFB
JCT:dynamic:40be5fb5;2) Modern Ciphers;JCT:A \ Block Ciphers \ Serpent \ Serpent256_ECB
JCT:dynamic:f36ffc6c;2) Modern Ciphers;JCT:A \ Block Ciphers \ Serpent \ Serpent256_OFB
JCT:dynamic:1afe071d;2) Modern Ciphers;JCT:A \ Block Ciphers \ Serpent \ Serpent256_CFB
JCT:dynamic:a512ea6a;2) Modern Ciphers;JCT:A \ Block Ciphers \ Serpent \ Serpent128_ECB
JCT:dynamic:49ffff9e;2) Modern Ciphers;JCT:A \ Block Ciphers \ Serpent \ Serpent192_OFB
JCT:dynamic:f8576252;2) Modern Ciphers;JCT:A \ Block Ciphers \ Serpent \ Serpent192_ECB
JCT:dynamic:267b4b50;2) Modern Ciphers;JCT:A \ Block Ciphers \ Serpent \ Serpent128_CBC
JCT:dynamic:c905ee6a;2) Modern Ciphers;JCT:A \ Block Ciphers \ Serpent \ Serpent128_CFB
JCT:dynamic:cc2768d4;2) Modern Ciphers;JCT:A \ Block Ciphers \ Serpent \ Serpent256_CBC
JCT:dynamic:8ad9df8e;2) Modern Ciphers;JCT:A \ Hybrid Ciphers \ McEliecePointchevalCipher
JCT:dynamic:0ef4b719;2) Modern Ciphers;JCT:A \ Hybrid Ciphers \ McElieceFujisakiCipher
JCT:dynamic:a6594505;2) Modern Ciphers;JCT:A \ Hybrid Ciphers \ McElieceKobaraImaiCipher
JCT:dynamic:b2fc6459;3) Hash and MAC Algorithms;JCT:A \ Message Authentication Codes \ CMac \ CmacAES128
JCT:dynamic:4865d3b0;3) Hash and MAC Algorithms;JCT:A \ Message Authentication Codes \ CMac \ CmacAES192
JCT:dynamic:31100196;3) Hash and MAC Algorithms;JCT:A \ Message Authentication Codes \ CMac \ CmacDESede
JCT:dynamic:76b74479;3) Hash and MAC Algorithms;JCT:A \ Message Authentication Codes \ CMac \ CmacAES256
JCT:dynamic:7f8b573c;3) Hash and MAC Algorithms;JCT:A \ Message Authentication Codes \ HMac \ HmacTiger
JCT:dynamic:1182ea79;3) Hash and MAC Algorithms;JCT:A \ Message Authentication Codes \ HMac \ HmacMD5
JCT:dynamic:f6647b3c;3) Hash and MAC Algorithms;JCT:A \ Message Authentication Codes \ HMac \ HmacFORK256
JCT:dynamic:0fc6ec0e;3) Hash and MAC Algorithms;JCT:A \ Message Authentication Codes \ HMac \ HmacSHA512
JCT:dynamic:c3b64d7f;3) Hash and MAC Algorithms;JCT:A \ Message Authentication Codes \ HMac \ HmacSHA224
JCT:dynamic:95c3652b;3) Hash and MAC Algorithms;JCT:A \ Message Authentication Codes \ HMac \ HmacMD4
JCT:dynamic:cb5d9a9a;3) Hash and MAC Algorithms;JCT:A \ Message Authentication Codes \ HMac \ HmacRIPEMD256
JCT:dynamic:b1927e15;3) Hash and MAC Algorithms;JCT:A \ Message Authentication Codes \ HMac \ HmacSHA256
JCT:dynamic:5559fd82;3) Hash and MAC Algorithms;JCT:A \ Message Authentication Codes \ HMac \ HmacRIPEMD128
JCT:dynamic:8ed635c6;3) Hash and MAC Algorithms;JCT:A \ Message Authentication Codes \ HMac \ HmacSHA384
JCT:dynamic:6ec2eee1;3) Hash and MAC Algorithms;JCT:A \ Message Authentication Codes \ HMac \ Hmac
JCT:dynamic:692fe08b;3) Hash and MAC Algorithms;JCT:A \ Message Authentication Codes \ HMac \ HmacRIPEMD160
JCT:dynamic:6755d51c;3) Hash and MAC Algorithms;JCT:A \ Message Authentication Codes \ HMac \ HmacDHA256
JCT:dynamic:37390edf;3) Hash and MAC Algorithms;JCT:A \ Message Authentication Codes \ HMac \ HmacRIPEMD320
JCT:dynamic:f28243a0;3) Hash and MAC Algorithms;JCT:A \ Message Authentication Codes \ CBCMac \ CBCmacSerpent
JCT:dynamic:bc7216d0;3) Hash and MAC Algorithms;JCT:A \ Message Authentication Codes \ CBCMac \ CBCmacRC5
JCT:dynamic:87e48f71;3) Hash and MAC Algorithms;JCT:A \ Message Authentication Codes \ CBCMac \ CBCmacAES256
JCT:dynamic:e456c100;3) Hash and MAC Algorithms;JCT:A \ Message Authentication Codes \ CBCMac \ CBCmacRC6
JCT:dynamic:f5a69fc4;3) Hash and MAC Algorithms;JCT:A \ Message Authentication Codes \ CBCMac \ CBCmacRC2
JCT:dynamic:5275c500;3) Hash and MAC Algorithms;JCT:A \ Message Authentication Codes \ CBCMac \ CBCmacIDEA
JCT:dynamic:93b556bf;3) Hash and MAC Algorithms;JCT:A \ Message Authentication Codes \ CBCMac \ CBCmacMisty1
JCT:dynamic:fd08d8f8;3) Hash and MAC Algorithms;JCT:A \ Message Authentication Codes \ CBCMac \ CBCmacAES192
JCT:dynamic:bc28a3f1;3) Hash and MAC Algorithms;JCT:A \ Message Authentication Codes \ CBCMac \ CBCmacMARS
JCT:dynamic:04f30b8b;3) Hash and MAC Algorithms;JCT:A \ Message Authentication Codes \ CBCMac \ CBCmacCamellia
JCT:dynamic:e427c931;3) Hash and MAC Algorithms;JCT:A \ Message Authentication Codes \ CBCMac \ CBCmacDESede
JCT:dynamic:e07fd5de;3) Hash and MAC Algorithms;JCT:A \ Message Authentication Codes \ CBCMac \ CBCmacTwofish
JCT:dynamic:a8b0e6ea;3) Hash and MAC Algorithms;JCT:A \ Message Authentication Codes \ CBCMac \ CBCmacShacal
JCT:dynamic:3eb17178;3) Hash and MAC Algorithms;JCT:A \ Message Authentication Codes \ CBCMac \ CBCmacShacal2
JCT:dynamic:2d0d004f;3) Hash and MAC Algorithms;JCT:A \ Message Authentication Codes \ CBCMac \ CBCmacAES128
JCT:dynamic:430af06e;3) Hash and MAC Algorithms;JCT:A \ Message Authentication Codes \ TwoTrackMac \ TwoTrackMac160
JCT:dynamic:a022803f;3) Hash and MAC Algorithms;JCT:A \ Message Authentication Codes \ TwoTrackMac \ TwoTrackMac64
JCT:dynamic:1353f70a;3) Hash and MAC Algorithms;JCT:A \ Message Authentication Codes \ TwoTrackMac \ TwoTrackMac32
JCT:dynamic:88517965;3) Hash and MAC Algorithms;JCT:A \ Message Authentication Codes \ TwoTrackMac \ TwoTrackMac96
JCT:dynamic:8696342c;3) Hash and MAC Algorithms;JCT:A \ Message Authentication Codes \ TwoTrackMac \ TTmac128
JCT:dynamic:9fd3e0b6;3) Hash and MAC Algorithms;JCT:A \ Message Digests \ SHA384
JCT:dynamic:e08c7932;3) Hash and MAC Algorithms;JCT:A \ Message Digests \ RIPEMD128
JCT:dynamic:ea04093d;3) Hash and MAC Algorithms;JCT:A \ Message Digests \ MD5
JCT:dynamic:b783f64f;3) Hash and MAC Algorithms;JCT:A \ Message Digests \ SHA224
JCT:dynamic:9d2201dc;3) Hash and MAC Algorithms;JCT:A \ Message Digests \ SHA1
JCT:dynamic:610e2fa2;3) Hash and MAC Algorithms;JCT:A \ Message Digests \ RIPEMD160
JCT:dynamic:4502492f;3) Hash and MAC Algorithms;JCT:A \ Message Digests \ SHA256
JCT:dynamic:d29ca486;3) Hash and MAC Algorithms;JCT:A \ Message Digests \ Tiger
JCT:dynamic:7e3ce1e2;3) Hash and MAC Algorithms;JCT:A \ Message Digests \ MD4
JCT:dynamic:6d0dfb99;3) Hash and MAC Algorithms;JCT:A \ Message Digests \ SHA512
JCT:dynamic:7d5d96c3;3) Hash and MAC Algorithms;JCT:A \ Message Digests \ RIPEMD256
JCT:dynamic:ba6a101c;2) Modern Ciphers;JCT:A \ Password-Based Ciphers \ PbeWithSHAAnd40BitRC2_CBC
JCT:dynamic:92abd1e0;2) Modern Ciphers;JCT:A \ Password-Based Ciphers \ PBES2
JCT:dynamic:101d8394;2) Modern Ciphers;JCT:A \ Password-Based Ciphers \ PbeWithSHAAnd3_KeyTripleDES_CBC
JCT:dynamic:0e833c13;2) Modern Ciphers;JCT:A \ Password-Based Ciphers \ PbeWithSHA1AndDES_CBC
JCT:dynamic:238608a6;2) Modern Ciphers;JCT:A \ Password-Based Ciphers \ PbeWithMD5AndDES_CBC
JCT:dynamic:18a13141;4) Digital Signatures, PKI;JCT:A \ Signatures \ RSASignaturePKCS1v15 \ RIPEMD160/RSA
JCT:dynamic:2b9020dc;4) Digital Signatures, PKI;JCT:A \ Signatures \ RSASignaturePKCS1v15 \ SHA384withRSA
JCT:dynamic:94320c30;4) Digital Signatures, PKI;JCT:A \ Signatures \ RSASignaturePKCS1v15 \ SHA1/RSA/RAW
JCT:dynamic:e48dba91;4) Digital Signatures, PKI;JCT:A \ Signatures \ RSASignaturePKCS1v15 \ SHA512withRSA
JCT:dynamic:81821e94;4) Digital Signatures, PKI;JCT:A \ Signatures \ RSASignaturePKCS1v15 \ SHA384/RSA/RAW
JCT:dynamic:ca412352;4) Digital Signatures, PKI;JCT:A \ Signatures \ RSASignaturePKCS1v15 \ MD5withRSA
JCT:dynamic:f4a8275d;4) Digital Signatures, PKI;JCT:A \ Signatures \ RSASignaturePKCS1v15 \ SHA224/RSA
JCT:dynamic:9678b58c;4) Digital Signatures, PKI;JCT:A \ Signatures \ RSASignaturePKCS1v15 \ SHA256withRSA
JCT:dynamic:b5ae18eb;4) Digital Signatures, PKI;JCT:A \ Signatures \ RSASignaturePKCS1v15 \ SHA1/RSA
JCT:dynamic:6094702b;4) Digital Signatures, PKI;JCT:A \ Signatures \ RSASignaturePKCS1v15 \ MD5/RSA/RAW
JCT:dynamic:c5c66dc5;4) Digital Signatures, PKI;JCT:A \ Signatures \ RSASignaturePKCS1v15 \ SHA512/RSA/RAW
JCT:dynamic:284d7fd2;4) Digital Signatures, PKI;JCT:A \ Signatures \ RSASignaturePKCS1v15 \ SHA224/RSA/RAW
JCT:dynamic:226decd5;4) Digital Signatures, PKI;JCT:A \ Signatures \ RSASignaturePKCS1v15 \ RIPEMD160/RSA/RAW
JCT:dynamic:ad64802e;4) Digital Signatures, PKI;JCT:A \ Signatures \ RSASignaturePKCS1v15 \ SHA256/RSA/RAW
JCT:dynamic:3b119338;4) Digital Signatures, PKI;JCT:A \ Signatures \ IQGQSignature \ IQGQ
JCT:dynamic:415bd327;4) Digital Signatures, PKI;JCT:A \ Signatures \ IQGQSignature \ RIPEMD160withIQGQ
JCT:dynamic:ff97c95a;4) Digital Signatures, PKI;JCT:A \ Signatures \ DSASignature \ RAW/DSA
JCT:dynamic:24fc5f97;4) Digital Signatures, PKI;JCT:A \ Signatures \ DSASignature \ SHAwithDSA
JCT:dynamic:506e09c1;4) Digital Signatures, PKI;JCT:A \ Signatures \ IQDSASignature \ IQDSA
JCT:dynamic:38a394f3;4) Digital Signatures, PKI;JCT:A \ Signatures \ IQDSASignature \ RIPEMD160withIQDSA
JCT:dynamic:27da89f1;4) Digital Signatures, PKI;JCT:A \ Signatures \ CMSSSignature \ CMSSwithSHA512andWinternitzOTS_1
JCT:dynamic:4cc3f968;4) Digital Signatures, PKI;JCT:A \ Signatures \ CMSSSignature \ CMSSwithSHA512andWinternitzOTS_3
JCT:dynamic:14642cf0;4) Digital Signatures, PKI;JCT:A \ Signatures \ CMSSSignature \ CMSSwithSHA256andWinternitzOTS_4
JCT:dynamic:83c97bc2;4) Digital Signatures, PKI;JCT:A \ Signatures \ CMSSSignature \ CMSSwithSHA1andWinternitzOTS_1
JCT:dynamic:57ac3574;4) Digital Signatures, PKI;JCT:A \ Signatures \ CMSSSignature \ CMSSwithSHA512andWinternitzOTS_2
JCT:dynamic:9ec6adb4;4) Digital Signatures, PKI;JCT:A \ Signatures \ CMSSSignature \ CMSSwithSHA256andWinternitzOTS_3
JCT:dynamic:dc782e99;4) Digital Signatures, PKI;JCT:A \ Signatures \ CMSSSignature \ CMSSwithSHA384andWinternitzOTS_3
JCT:dynamic:a87e4201;4) Digital Signatures, PKI;JCT:A \ Signatures \ CMSSSignature \ CMSSwithSHA384andWinternitzOTS_4
JCT:dynamic:fcefbde5;4) Digital Signatures, PKI;JCT:A \ Signatures \ CMSSSignature \ CMSSwithSHA384andWinternitzOTS_2
JCT:dynamic:297b4042;4) Digital Signatures, PKI;JCT:A \ Signatures \ CMSSSignature \ CMSSwithSHA384andWinternitzOTS_1
JCT:dynamic:881cb676;4) Digital Signatures, PKI;JCT:A \ Signatures \ CMSSSignature \ CMSSwithSHA256andWinternitzOTS_1
JCT:dynamic:479f310a;4) Digital Signatures, PKI;JCT:A \ Signatures \ CMSSSignature \ CMSSwithSHA1andWinternitzOTS_4
JCT:dynamic:8b02b59a;4) Digital Signatures, PKI;JCT:A \ Signatures \ CMSSSignature \ CMSSwithSHA1andWinternitzOTS_2
JCT:dynamic:49dc4929;4) Digital Signatures, PKI;JCT:A \ Signatures \ CMSSSignature \ CMSSwithSHA512andWinternitzOTS_4
JCT:dynamic:4a859b95;4) Digital Signatures, PKI;JCT:A \ Signatures \ CMSSSignature \ CMSSwithSHA1andWinternitzOTS_3
JCT:dynamic:666f2e0c;4) Digital Signatures, PKI;JCT:A \ Signatures \ CMSSSignature \ CMSS
JCT:dynamic:0d008183;4) Digital Signatures, PKI;JCT:A \ Signatures \ IQRDSASignature \ IQRDSA
JCT:dynamic:bf54ed5a;4) Digital Signatures, PKI;JCT:A \ Signatures \ IQRDSASignature \ RIPEMD160withIQRDSA
JCT:dynamic:392c2d69;4) Digital Signatures, PKI;JCT:A \ Signatures \ RbRSA
JCT:dynamic:5c266d4f;4) Digital Signatures, PKI;JCT:A \ Signatures \ NiederreiterCFS
JCT:dynamic:0aa07dc0;4) Digital Signatures, PKI;JCT:A \ Signatures \ GMSSSignature \ GMSSwithSHA512
JCT:dynamic:745d40ee;4) Digital Signatures, PKI;JCT:A \ Signatures \ GMSSSignature \ GMSSwithSHA1
JCT:dynamic:62643fdc;4) Digital Signatures, PKI;JCT:A \ Signatures \ GMSSSignature \ GMSSwithSHA224
JCT:dynamic:f9c85b28;4) Digital Signatures, PKI;JCT:A \ Signatures \ GMSSSignature \ GMSSwithSHA256
JCT:dynamic:b0444fbb;4) Digital Signatures, PKI;JCT:A \ Signatures \ GMSSSignature \ GMSSwithSHA384
JCT:dynamic:c43fec9f;4) Digital Signatures, PKI;JCT:A \ Signatures \ ECDSASignature \ SHA1/ECDSA
JCT:dynamic:67e83937;4) Digital Signatures, PKI;JCT:A \ Signatures \ ECDSASignature \ SHA512/ECDSA
JCT:dynamic:b72e58db;4) Digital Signatures, PKI;JCT:A \ Signatures \ ECDSASignature \ RawECDSA
JCT:dynamic:6d1092d8;4) Digital Signatures, PKI;JCT:A \ Signatures \ ECDSASignature \ SHA224/ECDSA
JCT:dynamic:0b20e9b5;4) Digital Signatures, PKI;JCT:A \ Signatures \ ECDSASignature \ SHA256/ECDSA
JCT:dynamic:2459dc2b;4) Digital Signatures, PKI;JCT:A \ Signatures \ ECDSASignature \ SHA384/ECDSA
JCT:dynamic:3cdf2ba5;4) Digital Signatures, PKI;JCT:A \ Signatures \ MerkleOTSSignature \ MerkleOTSwithSHA512
JCT:dynamic:26de1756;4) Digital Signatures, PKI;JCT:A \ Signatures \ MerkleOTSSignature \ MerkleOTSwithSHA384
JCT:dynamic:d3519924;4) Digital Signatures, PKI;JCT:A \ Signatures \ MerkleOTSSignature \ MerkleOTSwithSHA1
JCT:dynamic:ef215ec7;4) Digital Signatures, PKI;JCT:A \ Signatures \ MerkleOTSSignature \ MerkleOTSwithSHA256
JCT:dynamic:2c8be371;1) Classic Ciphers;JCT:D \ Algorithms \ Classic \ Autokey-Vigen√®re
JCT:dynamic:ed626bc7;2) Modern Ciphers;JCT:D \ Algorithms \ Asymmetric \ RSA
JCT:dynamic:3350de09;3) Hash and MAC Algorithms;JCT:D \ Algorithms \ Hash \ MD5
JCT:dynamic:70f09c25;2) Modern Ciphers;JCT:D \ Algorithms \ Symmetric \ AES
JCT:dynamic:99c31d62;2) Modern Ciphers;JCT:D \ Algorithms \ Symmetric \ RC6
JCT:dynamic:6a04e142;2) Modern Ciphers;JCT:D \ Algorithms \ Symmetric \ IDEA
JCT:dynamic:8e7798ef;2) Modern Ciphers;JCT:D \ Algorithms \ Signature \ DSA
JCT:dynamic:f1274b68;2) Modern Ciphers;JCT:D \ Algorithms \ Asymmetric \ ElGamal
JCT:dynamic:f7aad1b4;3) Hash and MAC Algorithms;JCT:D \ Algorithms \ MAC \ HMacMD5
JCT:dynamic:5097506b;5) Random Number Generators;JCT:D \ Algorithms \ Random Number Generator \ SHA1
JCT:dynamic:e66fe4cc;6) Classic Cryptanalysis;JCT:D \ Analysis \ Grille Analysis
JCT:dynamic:e20c852e;4) Digital Signatures, PKI;JCT:D \ Visuals \ Multipartite Key Exchange
JCT:dynamic:7e1370ec;10) Learning Aids and Visualizations;JCT:D \ Visuals \ Ant Colony Optimization (ACO)
JCT:dynamic:94df246e;10) Learning Aids and Visualizations;JCT:D \ Visuals \ ARC4 / Spritz
JCT:dynamic:2e325e57;10) Learning Aids and Visualizations;JCT:D \ Visuals \ Android Unlock Pattern (AUP)
JCT:dynamic:a2f57f7a;10) Learning Aids and Visualizations;JCT:D \ Visuals \ Shanks Babystep-Giantstep
JCT:dynamic:5384a9ec;10) Learning Aids and Visualizations;JCT:D \ Visuals \ Chinese Remainder Theorem (CRT)
JCT:dynamic:e8a10920;10) Learning Aids and Visualizations;JCT:D \ Visuals \ Certificate Verification
JCT:dynamic:8d0fac16;10) Learning Aids and Visualizations;JCT:D \ Visuals \ Inner States of the Data Encryption Standard (DES)
JCT:dynamic:2b76a2b0;10) Learning Aids and Visualizations;JCT:D \ Visuals \ Elliptic Curve Calculations
JCT:dynamic:e0ce6b30;10) Learning Aids and Visualizations;JCT:D \ Visuals \ ElGamal Cryptosystem
JCT:dynamic:41fa582d;10) Learning Aids and Visualizations;JCT:D \ Visuals \ Extended Euclidean / Reciprocal Subtraction
JCT:dynamic:4be92e34;10) Learning Aids and Visualizations;JCT:D \ Visuals \ Extended RSA Cryptosystem
JCT:dynamic:977d942c;10) Learning Aids and Visualizations;JCT:D \ Visuals \ Grille
JCT:dynamic:4a969fd1;10) Learning Aids and Visualizations;JCT:D \ Visuals \ Hash Sensitivity
JCT:dynamic:c742b179;10) Learning Aids and Visualizations;JCT:D \ Visuals \ Homomorphic Encryption
JCT:dynamic:c7d4c6d8;10) Learning Aids and Visualizations;JCT:D \ Visuals \ Huffman Coding
JCT:dynamic:177838dc;10) Learning Aids and Visualizations;JCT:D \ Visuals \ Public-Key Infrastructure
JCT:dynamic:d8770738;10) Learning Aids and Visualizations;JCT:D \ Visuals \ Kleptography
JCT:dynamic:cd84c523;10) Learning Aids and Visualizations;JCT:D \ Visuals \ Merkle-Hellman Knapsack Cryptosystem
JCT:dynamic:ef774b7f;10) Learning Aids and Visualizations;JCT:D \ Visuals \ Merkle Signature (XMSS^MT)
JCT:dynamic:8be3a019;10) Learning Aids and Visualizations;JCT:D \ Visuals \ RSA Cryptosystem
JCT:dynamic:eaf14744;10) Learning Aids and Visualizations;JCT:D \ Visuals \ Differential Power Analysis / Double and Add
JCT:dynamic:f3db2b04;10) Learning Aids and Visualizations;JCT:D \ Visuals \ Simple Power Analysis / Square and Multiply
JCT:dynamic:d35b8450;10) Learning Aids and Visualizations;JCT:D \ Visuals \ Signature Demonstration
JCT:dynamic:11b7e363;10) Learning Aids and Visualizations;JCT:D \ Visuals \ Signature Verification
JCT:dynamic:8cd75731;10) Learning Aids and Visualizations;JCT:D \ Visuals \ SPHINCS Signature
JCT:dynamic:640eaf99;10) Learning Aids and Visualizations;JCT:D \ Visuals \ SSL/TLS Handshake
JCT:dynamic:a8df96c7;10) Learning Aids and Visualizations;JCT:D \ Visuals \ Verifiable Secret Sharing
JCT:dynamic:22fa3c6c;10) Learning Aids and Visualizations;JCT:D \ Visuals \ Magic Door
JCT:dynamic:e3ddb01a;10) Learning Aids and Visualizations;JCT:D \ Visuals \ Fiat Shamir
JCT:dynamic:2a4087b8;10) Learning Aids and Visualizations;JCT:D \ Visuals \ Feige Fiat Shamir
JCT:dynamic:6742fac1;10) Learning Aids and Visualizations;JCT:D \ Visuals \ Graph Isomorphism
JCT:dynamic:7a09f6db;2) Modern Ciphers;JCT:A \ Block Ciphers \ SAFER++
JCT:dynamic:ea1c7ade;2) Modern Ciphers;JCT:A \ Block Ciphers \ SAFER+
JCT:dynamic:8136afb9;3) Hash and MAC Algorithms;JCT:A \ Message Authentication Codes \ CBCMac \ CBCmacSAFER+
JCT:dynamic:06c1a045;3) Hash and MAC Algorithms;JCT:A \ Message Authentication Codes \ CBCMac \ CBCmacSAFER++
JCT:dynamic:ab1578c0;4) Digital Signatures, PKI;JCT:D \ Visuals \ SPHINCS+ Signature
JCT:dynamic:8261200a;10) Learning Aids and Visualizations;JCT:D \ Visuals \ WOTS/WOTS+
