CT2:dynamic:df53c191;ADFGX / ADFGVX;CT2:C \ Classic Ciphers \ ADFGVX
CT2:dynamic:de7ab596;Caesar / Rot-13;CT2:C \ Classic Ciphers \ Caesar
CT2:dynamic:e118ba1a;ADFGX / ADFGVX;CT2:C \ Cryptanalysis \ Generic \ ADFGVX Analyzer
CT2:dynamic:77afa2cc;Berlekamp-Massey algorithm;CT2:C \ Cryptanalysis \ Generic \ Berlekamp-Massey Algorithm
CT2:dynamic:4d5c9d1c;Caesar / Rot-13 [analysis];CT2:C \ Cryptanalysis \ Specific \ Caesar Analyzer
CT2:dynamic:b32a5054;Substitution [analysis];CT2:C \ Cryptanalysis \ Specific \ Monoalphabetic Substitution Analyzer
CT2:dynamic:c2144b97;Achterbahn;CT2:C \ Modern Ciphers \ Symmetric \ Achterbahn
CT2:dynamic:c02c923f;Camellia;CT2:C \ Modern Ciphers \ Symmetric \ Camellia
CT2:dynamic:c242321a;Bitcoin;CT2:C \ Protocols \ Bitcoin Block Downloader
CT2:dynamic:108a860e;Bitcoin;CT2:C \ Protocols \ Bitcoin Block Viewer
CT2:dynamic:5ec46cbe;Bitcoin;CT2:C \ Protocols \ Bitcoin Transaction Downloader
CT2:dynamic:51a3e694;Bitcoin;CT2:C \ Protocols \ Bitcoin Transaction Viewer
CT2:dynamic:7f442e72;Data flow;CT2:C \ Tools \ Boolean \ Boolean Binary Operator
CT2:dynamic:3b3dccb5;Data flow;CT2:C \ Tools \ Boolean \ Boolean Function Parser
CT2:dynamic:79f6a048;Data flow;CT2:C \ Tools \ Boolean \ Boolean If-Else Operator
CT2:dynamic:19cdcbb8;Data input/output;CT2:C \ Tools \ Boolean \ Boolean Input
CT2:dynamic:d86fdbad;Data flow;CT2:C \ Tools \ Boolean \ Boolean Not Operator
CT2:dynamic:f98c9f12;Data input/output;CT2:C \ Tools \ Boolean \ Boolean Output
CT2:dynamic:db8f35b5;Alphabet;CT2:C \ Tools \ Data flow \ Alphabet Permutator
CT2:dynamic:cb62cc56;Data flow;CT2:C \ Tools \ Data flow \ Array Indexer
CT2:dynamic:54b6a60a;Data input/output;CT2:C \ Tools \ Data flow \ Clock
CT2:dynamic:3bd3df70;Data flow;CT2:C \ Tools \ Data flow \ Collector
CT2:dynamic:596fc051;Data input/output;CT2:C \ Tools \ Data flow \ CSVReader
CT2:dynamic:f8fab4bb;Data flow;CT2:C \ Tools \ Data flow \ Gate
CT2:dynamic:ce5f6b05;Data flow;CT2:C \ Tools \ Data flow \ Regular Expression Match
CT2:dynamic:ee9e01a8;Data flow;CT2:C \ Tools \ Data flow \ Regular Expression Replace
CT2:dynamic:d4de3d9e;Data flow;CT2:C \ Tools \ Data flow \ Serializer
CT2:dynamic:03d38b97;Data flow;CT2:C \ Tools \ Data flow \ Splitter
CT2:dynamic:a5b8baa4;Data flow;CT2:C \ Tools \ Data flow \ UserCode
CT2:dynamic:c54c2dbd;Data flow;CT2:C \ Tools \ Data flow \ Variable Load
CT2:dynamic:ec20f9d9;Data flow;CT2:C \ Tools \ Data flow \ Variable Store
CT2:dynamic:9e827a56;Alphabets;CT2:C \ Tools \ Data input \ output \ Alphabets
CT2:dynamic:e18187dc;Data input/output;CT2:C \ Tools \ Data input \ output \ Audio Input
CT2:dynamic:0dbf7ef3;Data input/output;CT2:C \ Tools \ Data input \ output \ Audio Output
CT2:dynamic:26315447;Data input/output;CT2:C \ Tools \ Data input \ output \ Clipboard Input
CT2:dynamic:a5bdc16b;Data input/output;CT2:C \ Tools \ Data input \ output \ Clipboard Output
CT2:dynamic:14f9d114;DECODE database;CT2:C \ Tools \ Data input \ output \ DECODE Viewer
CT2:dynamic:62698589;Data input/output;CT2:C \ Tools \ Data input \ output \ Dictionary
CT2:dynamic:37e71c7e;Data input/output;CT2:C \ Tools \ Data input \ output \ File Input
CT2:dynamic:c57b9d5a;Data flow;CT2:C \ Tools \ Data input \ output \ File Output
CT2:dynamic:75bb6557;Data input/output;CT2:C \ Tools \ Data input \ output \ IP Frame Generator
CT2:dynamic:a53c0566;Data input/output;CT2:C \ Tools \ Data input \ output \ Network Capture
CT2:dynamic:002e95cb;Data input/output;CT2:C \ Tools \ Data input \ output \ Network Receiver
CT2:dynamic:d82f9ec8;Data input/output;CT2:C \ Tools \ Data input \ output \ Network Sender
CT2:dynamic:d1688145;Data input/output;CT2:C \ Tools \ Data input \ output \ Number Input
CT2:dynamic:eac4fd17;Data flow;CT2:C \ Tools \ Data input \ output \ Picture Output
CT2:dynamic:87ba9260;Primes (generators, tests, factorization, tutorials);CT2:C \ Tools \ Data input \ output \ Prime Generator
CT2:dynamic:de1f85ed;Data input/output;CT2:C \ Tools \ Data input \ output \ Text Input
CT2:dynamic:f9f818ba;Data flow;CT2:C \ Tools \ Data input \ output \ Text Output
CT2:dynamic:23706ec3;Data input/output;CT2:C \ Tools \ Misc \ Camera
CT2:dynamic:5e554a92;Cloud;CT2:C \ Tools \ Misc \ Cloud Test Component
CT2:dynamic:68e8a18a;Data flow;CT2:C \ Tools \ Misc \ Comparators
CT2:dynamic:9315c251;Data flow;CT2:C \ Tools \ Misc \ Concatenate
CT2:dynamic:692c882e;Data flow;CT2:C \ Tools \ Misc \ Converter
CT2:dynamic:92043887;Tools;CT2:C \ Tools \ Misc \ Cryptanalytic Process Executor
CT2:dynamic:2c388873;CypherMatrix;CT2:C \ Tools \ Misc \ CypherMatrix
CT2:dynamic:4f7b3d78;CypherMatrix;CT2:C \ Tools \ Misc \ CypherMatrix Hash
CT2:dynamic:e1351121;Decimalization;CT2:C \ Tools \ Misc \ Decimalization
CT2:dynamic:9f6dc562;Tools;CT2:C \ Tools \ Misc \ Example Plugin
CT2:dynamic:ebeaa525;Hamming distance;CT2:C \ Tools \ Misc \ HammingDistance
CT2:dynamic:a6ce27af;Huffman;CT2:C \ Tools \ Misc \ Huffman
CT2:dynamic:b945116f;Data input/output;CT2:C \ Tools \ Misc \ ImageProcessor
CT2:dynamic:0a3b459c;Data flow;CT2:C \ Tools \ Misc \ Inc Dec
CT2:dynamic:aaa96c9e;Data flow;CT2:C \ Tools \ Misc \ Length
CT2:dynamic:875c3440;LFSR;CT2:C \ Tools \ Misc \ LFSR
CT2:dynamic:f897da02;Morse code;CT2:C \ Tools \ Misc \ Morse Code
CT2:dynamic:03da4eb7;Tools;CT2:C \ Tools \ Misc \ Number Operation
CT2:dynamic:72f8c4bf;Padding oracle attack (POA);CT2:C \ Tools \ Misc \ Padding Oracle
CT2:dynamic:f3591123;Padding oracle attack (POA);CT2:C \ Tools \ Misc \ Padding Oracle Attack
CT2:dynamic:2f9e0d8e;Password quality [visual];CT2:C \ Tools \ Misc \ PasswordStrength
CT2:dynamic:d8bbe4f0;Tools;CT2:C \ Tools \ Misc \ Progress
CT2:dynamic:f2071b35;Pseudo random number generator (PRNG);CT2:C \ Tools \ Misc \ Random Number Generator
CT2:dynamic:141bf921;SAT solver;CT2:C \ Tools \ Misc \ SAT Solver
CT2:dynamic:e4eb8008;SIGABA;CT2:C \ Tools \ Misc \ Sigaba
CT2:dynamic:472c4a23;SIGABA;CT2:C \ Tools \ Misc \ SigabaBruteforce
CT2:dynamic:360703f8;Data flow;CT2:C \ Tools \ Misc \ Stream Comparator
CT2:dynamic:cb5be9f5;Data flow;CT2:C \ Tools \ Misc \ StreamSplitter
CT2:dynamic:777af65a;Data flow;CT2:C \ Tools \ Misc \ String Decoder
CT2:dynamic:70921d06;Data flow;CT2:C \ Tools \ Misc \ String Encoder
CT2:dynamic:188ab1e9;Data flow;CT2:C \ Tools \ Misc \ String Operations
CT2:dynamic:c8ad35d8;Visual codes (QR, EAN8, WAN13, Code39, Code128, PDF417);CT2:C \ Tools \ Misc \ Visual Decoder
CT2:dynamic:d5f9b98d;Visual codes (QR, EAN8, WAN13, Code39, Code128, PDF417);CT2:C \ Tools \ Misc \ Visual Encoder
CT2:dynamic:b5e29ae5;Data input/output;CT2:C \ Tools \ Misc \ WebHits
CT2:dynamic:298fd52a;ADFGVX [analysis];CT2:T \ Cryptanalysis \ Classical \ ADFGVX dictionary attack
CT2:dynamic:dc07040b;ADFGX / ADFGVX;CT2:T \ Cryptanalysis \ Classical \ ADFGVX heuristic analysis
CT2:dynamic:87965491;Caesar / Rot-13 [analysis];CT2:T \ Cryptanalysis \ Classical \ Caesar Analysis using character frequencies
CT2:dynamic:42f544e9;Substitution [analysis];CT2:T \ Cryptanalysis \ Classical \ Monoalphabetic Substitution Analyzer
CT2:dynamic:7441e81e;Substitution [analysis];CT2:T \ Cryptanalysis \ Classical \ Monoalphabetic Substitution Analyzer with arbitrary Ciphertext Alphabet
CT2:dynamic:cf84eb83;ADFGX / ADFGVX;CT2:T \ Cryptography \ Classical \ ADFGVX Cipher
CT2:dynamic:4d3e5d06;Caesar / Rot-13;CT2:T \ Cryptography \ Classical \ Caesar Cipher
CT2:dynamic:84dacfd4;Substitution;CT2:T \ Cryptography \ Classical \ Substitution Cipher using a password
CT2:dynamic:573ce150;Achterbahn;CT2:T \ Cryptography \ Modern \ Symmetric \ Achterbahn Cipher
CT2:dynamic:80156663;Camellia;CT2:T \ Cryptography \ Modern \ Symmetric \ Camellia Cipher
CT2:dynamic:d4ea7e1d;Bitcoin;CT2:T \ Experimental \ Bitcoin Blockchain Analysis
CT2:dynamic:9be541af;Cyclic redundancy check (CRC);CT2:T \ Hash Functions \ CRC Null problems
CT2:dynamic:b0bed92d;HMAC;CT2:T \ Hash Functions \ HMAC
CT2:dynamic:05f7f48d;MD5;CT2:T \ Hash Functions \ MD5 Collision Finder
CT2:dynamic:f37bea05;MD5;CT2:T \ Hash Functions \ MD5 Salted Hash Comparison
CT2:dynamic:906d70bf;Berlekamp-Massey algorithm;CT2:T \ Mathematics \ Berlekamp-Massey
CT2:dynamic:add41267;Password quality [visual];CT2:T \ Tools \ Check Password Strength
CT2:dynamic:71227caf;Secure Chat -- Applied Cryptography;CT2:T \ Tools \ Diffie-Hellman AES Video Audio Chat
CT2:dynamic:f21fb1ba;DECODE database;CT2:T \ Tools \ Download documents from the DECODE database
CT2:dynamic:e757db00;Huffman;CT2:T \ Tools \ Huffman's algorithm (ASCII)
CT2:dynamic:4642fe41;Huffman;CT2:T \ Tools \ Huffman's algorithm (BMG, JPG)
CT2:dynamic:23ee8009;Huffman;CT2:T \ Tools \ Huffman's algorithm (UTF-8)
CT2:dynamic:524cb8d1;Keccak (hash, cipher, PRNG);CT2:T \ Tools \ Keccak pseudorandom number generator (PRNG)
CT2:dynamic:d37d0c74;Data input/output;CT2:T \ Tools \ Random Decimal Number
CT2:dynamic:78dddd93;Pseudo random number generator (PRNG);CT2:T \ Tools \ Random number generators
CT2:dynamic:05095ecf;Secure Chat -- Applied Cryptography;CT2:T \ Tools \ Simple AES Chat
CT2:dynamic:557fd6db;Secure Chat -- Applied Cryptography;CT2:T \ Tools \ Simple Video and Audio Chat using AES encryption
CT2:dynamic:19703d30;Data flow;CT2:T \ Tools \ Split a text
CT2:dynamic:f01f7124;Data input/output;CT2:T \ Tools \ Take a Picture using the webcam
CT2:dynamic:be99be1e;Caesar / Rot-13 [analysis];CT2:W \ Cryptanalysis \ Classic Encryption \ Caesar
CT2:dynamic:0fac6e5c;ADFGX / ADFGVX;CT2:W \ Encryption \ Decryption \ Classic Encryption \ Decryption \ ADFGVX
CT2:dynamic:abfbe5ed;Caesar / Rot-13;CT2:W \ Encryption \ Decryption \ Classic Encryption \ Decryption \ Caesar
CT2:dynamic:85bc810e;Encryption with AES and password;CT2:W \ Tools \ Encrypt with password
CT2:dynamic:a52d9b83;Heartbleed [analysis];CT2:W \ Tools \ Heartbleed analysis
CT2:dynamic:8455fa4e;Password quality [visual];CT2:W \ Tools \ Password Strength
CT2:dynamic:74f54437;Pseudo random number generator (PRNG);CT2:W \ Tools \ Random numbers
CT2:dynamic:5eb1c3f8;Cylinder cipher;CT2:C \ Classic Ciphers \ Cylinder Cipher
CT2:dynamic:b90ee365;Enigma;CT2:C \ Classic Ciphers \ Enigma
CT2:dynamic:a1bd543d;Fialka;CT2:C \ Classic Ciphers \ Fialka
CT2:dynamic:1bcff38b;Hill cipher;CT2:C \ Classic Ciphers \ Hill Cipher
CT2:dynamic:8bfdb910;Lorenz SZ42;CT2:C \ Classic Ciphers \ Lorenz SZ42
CT2:dynamic:c4d49ab3;M-138;CT2:C \ Classic Ciphers \ M-138
CT2:dynamic:6331c485;M209;CT2:C \ Classic Ciphers \ M209
CT2:dynamic:839a9a73;Nihilist cipher;CT2:C \ Classic Ciphers \ Nihilist
CT2:dynamic:d5d0498e;Playfair cipher;CT2:C \ Classic Ciphers \ Playfair
CT2:dynamic:d5823b0e;Purple;CT2:C \ Classic Ciphers \ Purple
CT2:dynamic:1ed702fa;Scytale;CT2:C \ Classic Ciphers \ Scytale
CT2:dynamic:554fbba7;Solitaire;CT2:C \ Classic Ciphers \ Solitaire
CT2:dynamic:4ddf5784;Spanish strip cipher (SSC);CT2:C \ Classic Ciphers \ Spanish Strip Cipher
CT2:dynamic:a8a53ca7;Substitution;CT2:C \ Classic Ciphers \ Substitution
CT2:dynamic:7660a270;T-310;CT2:C \ Classic Ciphers \ T-310
CT2:dynamic:98353e86;T-316;CT2:C \ Classic Ciphers \ T-316
CT2:dynamic:44d06a9d;Transposition (single column transposition);CT2:C \ Classic Ciphers \ Transposition
CT2:dynamic:5cbd0bef;Vernam;CT2:C \ Classic Ciphers \ Vernam
CT2:dynamic:73039c94;Vigenère cipher;CT2:C \ Classic Ciphers \ Vigenère
CT2:dynamic:4452a86e;XOR;CT2:C \ Classic Ciphers \ XOR
CT2:dynamic:f47a5e2c;Autocorrelation;CT2:C \ Cryptanalysis \ Generic \ Autocorrelation
CT2:dynamic:0bcdffdd;Cost function;CT2:C \ Cryptanalysis \ Generic \ Cost Function
CT2:dynamic:aac6c95b;Discrete logarithm;CT2:C \ Cryptanalysis \ Generic \ Discrete Logarithm
CT2:dynamic:31db148d;Factorization of a number;CT2:C \ Cryptanalysis \ Generic \ Factorizer
CT2:dynamic:8e123245;Frequency test;CT2:C \ Cryptanalysis \ Generic \ Frequency Test
CT2:dynamic:38022c01;Friedman test;CT2:C \ Cryptanalysis \ Generic \ Friedman Test
CT2:dynamic:9eda4758;Factorization of a number;CT2:C \ Cryptanalysis \ Generic \ General Number Field Sieve
CT2:dynamic:d03fc6bf;Kasiski test;CT2:C \ Cryptanalysis \ Generic \ Kasiski's Test
CT2:dynamic:0f1e3ca5;Primes (generators, tests, factorization, tutorials);CT2:C \ Cryptanalysis \ Generic \ Prime Test
CT2:dynamic:8ea3d2e1;Factorization of a number;CT2:C \ Cryptanalysis \ Generic \ Quadratic Sieve
CT2:dynamic:94329868;A5 [attack];CT2:C \ Cryptanalysis \ Specific \ A5 Attack
CT2:dynamic:8cb9cba6;Cube [attack];CT2:C \ Cryptanalysis \ Specific \ Cube Attack
CT2:dynamic:3d188b01;Differential cryptanalysis (DCA);CT2:C \ Cryptanalysis \ Specific \ DCA KeyRecovery
CT2:dynamic:0ae5faac;Differential cryptanalysis (DCA);CT2:C \ Cryptanalysis \ Specific \ DCA Oracle
CT2:dynamic:b70ddbb4;Differential cryptanalysis (DCA);CT2:C \ Cryptanalysis \ Specific \ DCA PathFinder
CT2:dynamic:3e0f82bb;Differential cryptanalysis (DCA);CT2:C \ Cryptanalysis \ Specific \ DCA PathVisualizer
CT2:dynamic:87bc5959;Differential cryptanalysis (DCA);CT2:C \ Cryptanalysis \ Specific \ DCA ToyCipher
CT2:dynamic:0f1aa5ff;Enigma [attack];CT2:C \ Cryptanalysis \ Specific \ Enigma Analyzer
CT2:dynamic:854df8cb;Grain [attack];CT2:C \ Cryptanalysis \ Specific \ GrainV0 Attack
CT2:dynamic:cb183245;Grain [attack];CT2:C \ Cryptanalysis \ Specific \ Grain V1 Attack
CT2:dynamic:208a08b8;Homophonic substitution [analysis];CT2:C \ Cryptanalysis \ Specific \ Homophonic Substitution Analyzer
CT2:dynamic:93a982fa;IDP [analysis];CT2:C \ Cryptanalysis \ Specific \ IDP Analyzer
CT2:dynamic:6ecfa366;Key searcher;CT2:C \ Cryptanalysis \ Specific \ KeySearcher
CT2:dynamic:707a1e2f;M-138 [attack];CT2:C \ Cryptanalysis \ Specific \ M-138 Analyzer
CT2:dynamic:59a6a7c5;Playfair [analysis];CT2:C \ Cryptanalysis \ Specific \ Playfair Analyzer
CT2:dynamic:ffb56bfd;Feistel [attack];CT2:C \ Cryptanalysis \ Specific \ Slide Attack on Feistel Cipher
CT2:dynamic:00111e1f;Solitaire [analysis];CT2:C \ Cryptanalysis \ Specific \ Solitaire Analyzer
CT2:dynamic:a28eb5ae;Spanish strip cipher (SSC) [analysis];CT2:C \ Cryptanalysis \ Specific \ Spanish Strip Cipher Analyzer
CT2:dynamic:230055f1;Transposition [analysis];CT2:C \ Cryptanalysis \ Specific \ Transposition Analyzer
CT2:dynamic:6c6b2bda;Vigenère [analysis];CT2:C \ Cryptanalysis \ Specific \ Vigenère Analyzer
CT2:dynamic:02cbc531;BLAKE;CT2:C \ Hash functions \ BLAKE
CT2:dynamic:01152856;Cyclic redundancy check (CRC);CT2:C \ Hash functions \ CRC
CT2:dynamic:04c175dc;Grøstl;CT2:C \ Hash functions \ Grøstl
CT2:dynamic:0e5ca605;ImageHash;CT2:C \ Hash functions \ ImageHash
CT2:dynamic:a410b7f2;Keccak (hash, cipher, PRNG);CT2:C \ Hash functions \ Keccak
CT2:dynamic:85b7fb4d;MD5;CT2:C \ Hash functions \ MD5
CT2:dynamic:a193455c;MD5 attack (collisions);CT2:C \ Hash functions \ MD5 Collider
CT2:dynamic:1fad91a6;PKCS#5;CT2:C \ Hash functions \ PKCS#5
CT2:dynamic:dabf8391;RIPEMD;CT2:C \ Hash functions \ RIPEMD160
CT2:dynamic:0dc7115b;SHA;CT2:C \ Hash functions \ SHA
CT2:dynamic:6fb94a9b;Tiger;CT2:C \ Hash functions \ Tiger
CT2:dynamic:7b27b898;Whirlpool;CT2:C \ Hash functions \ Whirlpool
CT2:dynamic:a0dd61df;Blind signature;CT2:C \ Modern Ciphers \ Asymmetric \ Blind Signature Generator
CT2:dynamic:18aef6eb;Blind signature;CT2:C \ Modern Ciphers \ Asymmetric \ Blind Signature Verifier
CT2:dynamic:f320c8b9;Cramer-Shoup;CT2:C \ Modern Ciphers \ Asymmetric \ Cramer-Shoup
CT2:dynamic:cfc872f1;Cramer-Shoup;CT2:C \ Modern Ciphers \ Asymmetric \ Cramer-Shoup Key Generator
CT2:dynamic:9c0e63f8;DGK (homomorphic encryption);CT2:C \ Modern Ciphers \ Asymmetric \ DGK
CT2:dynamic:9445f2b0;DGK (homomorphic encryption);CT2:C \ Modern Ciphers \ Asymmetric \ DGK Key Generator
CT2:dynamic:e6f2b65e;Paillier (homomorphic encryption);CT2:C \ Modern Ciphers \ Asymmetric \ Paillier
CT2:dynamic:086ffc7f;Paillier;CT2:C \ Modern Ciphers \ Asymmetric \ Paillier Key Generator
CT2:dynamic:6e704fec;RSA;CT2:C \ Modern Ciphers \ Asymmetric \ RSA
CT2:dynamic:024c4ba4;RSA;CT2:C \ Modern Ciphers \ Asymmetric \ RSA Key Generator
CT2:dynamic:d2203b62;A5;CT2:C \ Modern Ciphers \ Symmetric \ A5
CT2:dynamic:bec5ea8e;AES;CT2:C \ Modern Ciphers \ Symmetric \ AES
CT2:dynamic:ba917b7a;AES [visual];CT2:C \ Modern Ciphers \ Symmetric \ AES Visualization
CT2:dynamic:7107f823;DES;CT2:C \ Modern Ciphers \ Symmetric \ DES
CT2:dynamic:df98fd55;DES [visual];CT2:C \ Modern Ciphers \ Symmetric \ DESVisualization
CT2:dynamic:3c764f26;FEAL;CT2:C \ Modern Ciphers \ Symmetric \ FEAL
CT2:dynamic:7b51c6e9;Feistel;CT2:C \ Modern Ciphers \ Symmetric \ Feistel Cipher
CT2:dynamic:7b0db9b2;Format preserving encryption (FPE) (FF1, FF2, FF3 and DFF);CT2:C \ Modern Ciphers \ Symmetric \ Format Preserving Encryption (FPE)
CT2:dynamic:1242b4d9;Grain;CT2:C \ Modern Ciphers \ Symmetric \ GrainV0
CT2:dynamic:5fd8dfc9;Grain;CT2:C \ Modern Ciphers \ Symmetric \ Grain v1
CT2:dynamic:2271761c;HC128;CT2:C \ Modern Ciphers \ Symmetric \ HC128
CT2:dynamic:028662c8;HIGHT;CT2:C \ Modern Ciphers \ Symmetric \ HIGHT
CT2:dynamic:67a9e529;Mickey 2;CT2:C \ Modern Ciphers \ Symmetric \ Mickey 2
CT2:dynamic:b3c45fe8;MiniTreyfer;CT2:C \ Modern Ciphers \ Symmetric \ MiniTreyfer
CT2:dynamic:de4e6629;PRESENT;CT2:C \ Modern Ciphers \ Symmetric \ PRESENT
CT2:dynamic:280d14e3;Rabbit;CT2:C \ Modern Ciphers \ Symmetric \ Rabbit
CT2:dynamic:c3693fd0;RC2;CT2:C \ Modern Ciphers \ Symmetric \ RC2
CT2:dynamic:2fdecacd;RC4;CT2:C \ Modern Ciphers \ Symmetric \ RC4
CT2:dynamic:5adfcb5e;Salsa20;CT2:C \ Modern Ciphers \ Symmetric \ Salsa20
CT2:dynamic:51313843;SDES;CT2:C \ Modern Ciphers \ Symmetric \ SDES
CT2:dynamic:06cad5a0;TREYFER [attack];CT2:C \ Modern Ciphers \ Symmetric \ Slide Attack on TREYFER
CT2:dynamic:f8377efb;Sosemanuk;CT2:C \ Modern Ciphers \ Symmetric \ Sosemanuk
CT2:dynamic:c7056167;TEA;CT2:C \ Modern Ciphers \ Symmetric \ TEA
CT2:dynamic:036fcd8b;TREYFER;CT2:C \ Modern Ciphers \ Symmetric \ TREYFER
CT2:dynamic:dea04989;Trivium;CT2:C \ Modern Ciphers \ Symmetric \ Trivium
CT2:dynamic:0dd5a090;Twofish;CT2:C \ Modern Ciphers \ Symmetric \ Twofish
CT2:dynamic:8dab0b0d;WEP [attack];CT2:C \ Protocols \ Attacks on the WEP protocol
CT2:dynamic:48464514;BB84;CT2:C \ Protocols \ BB84 Error Detector
CT2:dynamic:862152d0;BB84;CT2:C \ Protocols \ BB84 Key Generator
CT2:dynamic:2cb48106;BB84 [attack];CT2:C \ Protocols \ BB84 Man in the Middle
CT2:dynamic:0c9e3370;BB84;CT2:C \ Protocols \ BB84 Photonbase Generator
CT2:dynamic:817d3b1e;BB84;CT2:C \ Protocols \ BB84 Photon Decoder
CT2:dynamic:0523d060;BB84;CT2:C \ Protocols \ BB84 Photon Encoder
CT2:dynamic:65d9e7b9;Coin flipping protocol;CT2:C \ Protocols \ Coin Flipping
CT2:dynamic:8b17e7f7;HMAC;CT2:C \ Protocols \ HMAC
CT2:dynamic:965efbee;ISAP bit commitment scheme;CT2:C \ Protocols \ ISAP Bit Commitment Scheme
CT2:dynamic:b2f6b1f3;Man-in-the-middle [attack];CT2:C \ Protocols \ ManInTheMiddle
CT2:dynamic:591a714a;NLFSR;CT2:C \ Protocols \ NLFSR
CT2:dynamic:20f05f84;Oblivious transfer protocol (MPC);CT2:C \ Protocols \ Oblivious Transfer 1
CT2:dynamic:bc5dc0e6;Oblivious transfer protocol (MPC);CT2:C \ Protocols \ Oblivious Transfer 2
CT2:dynamic:31d60b0b;Virtual smartcard;CT2:C \ Protocols \ Smartcard
CT2:dynamic:e29afff9;Virtual smartcard;CT2:C \ Protocols \ Smartcard Interpreter
CT2:dynamic:2ab6fce7;WEP;CT2:C \ Protocols \ WEP protocol
CT2:dynamic:f1c58b4f;Yao's millionaire problem (protocol) (MPC);CT2:C \ Protocols \ Yao 1
CT2:dynamic:e5649775;Yao's millionaire problem (protocol) (MPC);CT2:C \ Protocols \ Yao 2
CT2:dynamic:6da71cbf;Yao's millionaire problem (protocol) (MPC);CT2:C \ Protocols \ Yao 3
CT2:dynamic:dbfc1d94;Zero knowledge protocol;CT2:C \ Protocols \ Zero Knowledge Prover
CT2:dynamic:60e3784d;Zero knowledge protocol;CT2:C \ Protocols \ Zero Knowledge Verifier
CT2:dynamic:66e74015;Steganography;CT2:C \ Steganography \ Insertion Steganography
CT2:dynamic:1da59521;Steganography;CT2:C \ Steganography \ LSB Steganography
CT2:dynamic:e41c9a55;Steganography;CT2:C \ Steganography \ Permutation Steganography
CT2:dynamic:20631e20;Watermark creator;CT2:C \ Steganography \ Watermark Creator
CT2:dynamic:ff0dd677;Avalanche effect;CT2:C \ Tools \ Misc \ Avalanche Visualization
CT2:dynamic:14d5b694;Block mode [visual];CT2:C \ Tools \ Misc \ Blockmode Visualizer
CT2:dynamic:dbd17798;PKCS#1 [attack];CT2:N \ Crypto tutorials \ Attack on PKCS#1
CT2:dynamic:c2c4de77;PKCS#1 [attack];CT2:N \ Crypto tutorials \ Attack on PKCS#1 \ Attack on PKCS#1 \ Attack with shorter keys (Kuehn)
CT2:dynamic:c2adc5e3;PKCS#1 [attack];CT2:N \ Crypto tutorials \ Attack on PKCS#1 \ Attack on PKCS#1 \ Bleichenbacher attack
CT2:dynamic:ad9a4300;Visual codes (QR, EAN8, WAN13, Code39, Code128, PDF417);CT2:T \ Codes \ Create QR Code
CT2:dynamic:ecbb9ede;Visual codes (QR, EAN8, WAN13, Code39, Code128, PDF417);CT2:T \ Codes \ Decode QR code file
CT2:dynamic:15e65cb4;ISBN;CT2:T \ Codes \ ISBN-10 Check
CT2:dynamic:7f38de29;ISBN;CT2:T \ Codes \ ISBN-13 Check
CT2:dynamic:e5c0781e;Morse code;CT2:T \ Codes \ Morse code
CT2:dynamic:ff26068d;Visual codes (QR, EAN8, WAN13, Code39, Code128, PDF417);CT2:T \ Codes \ QR Code Encryption
CT2:dynamic:bd3e7318;Visual codes (QR, EAN8, WAN13, Code39, Code128, PDF417);CT2:T \ Codes \ RSA signed QR code
CT2:dynamic:a849b84b;Visual codes (QR, EAN8, WAN13, Code39, Code128, PDF417);CT2:T \ Codes \ Simple detection of optical codes
CT2:dynamic:5f963e33;VCard;CT2:T \ Codes \ VCard
CT2:dynamic:3c431f31;Caesar / Rot-13 [analysis];CT2:T \ Cryptanalysis \ Classical \ Caesar Brute-force Analysis
CT2:dynamic:d1cc2e93;Transposition (double column transposition) [attack];CT2:T \ Cryptanalysis \ Classical \ Dictionary attack on the Double Columnar Transposition Cipher
CT2:dynamic:3cecac3b;Enigma [attack];CT2:T \ Cryptanalysis \ Classical \ Enigma Analyzer
CT2:dynamic:07f3ff64;Frequency test;CT2:T \ Cryptanalysis \ Classical \ Frequency Analysis
CT2:dynamic:c3aacc71;Homophonic substitution [analysis];CT2:T \ Cryptanalysis \ Classical \ Homophonic Substitution Analysis
CT2:dynamic:f5649706;Kryptos K1 [analysis];CT2:T \ Cryptanalysis \ Classical \ Kryptos K1 Analysis
CT2:dynamic:75629cf5;Kryptos K2 [analysis];CT2:T \ Cryptanalysis \ Classical \ Kryptos K2 Analysis
CT2:dynamic:0161c70e;M-138 [attack];CT2:T \ Cryptanalysis \ Classical \ M-138 Ciphertext only Attack
CT2:dynamic:0d84b81e;M-138 [attack];CT2:T \ Cryptanalysis \ Classical \ M-138 Known-Plaintext Attack
CT2:dynamic:e86ff7af;M-138 [attack];CT2:T \ Cryptanalysis \ Classical \ M-138 Partially-Known Plaintext Attack
CT2:dynamic:f963ef56;Playfair [analysis];CT2:T \ Cryptanalysis \ Classical \ Playfair Analysis
CT2:dynamic:09103be1;Scytale [analysis];CT2:T \ Cryptanalysis \ Classical \ Scytale Brute-force Analysis
CT2:dynamic:245b6ee9;Solitaire [analysis];CT2:T \ Cryptanalysis \ Classical \ Solitaire Brute-force Analysis
CT2:dynamic:5ce19e71;Transcriptor [analysis];CT2:T \ Cryptanalysis \ Classical \ Transcriptor -- manual mode
CT2:dynamic:9c42d797;Transcriptor [analysis];CT2:T \ Cryptanalysis \ Classical \ Transcriptor -- semi-automatic mode
CT2:dynamic:140ecd94;Transposition [analysis];CT2:T \ Cryptanalysis \ Classical \ Transposition Brute-force Analysis
CT2:dynamic:89929fb1;Transposition [analysis];CT2:T \ Cryptanalysis \ Classical \ Transposition Crib Analysis
CT2:dynamic:b9f939b4;Transposition [analysis];CT2:T \ Cryptanalysis \ Classical \ Transposition Genetic Analysis
CT2:dynamic:2eb47312;Transposition [analysis];CT2:T \ Cryptanalysis \ Classical \ Transposition Hill Climbing Analysis
CT2:dynamic:2c2d9382;Vigenère [analysis];CT2:T \ Cryptanalysis \ Classical \ Vigenère Analysis
CT2:dynamic:545d06b6;Word pattern [analysis];CT2:T \ Cryptanalysis \ Classical \ Wordpattern Analysis
CT2:dynamic:b73559ad;Word pattern [analysis];CT2:T \ Cryptanalysis \ Classical \ Wordpattern Analysis with self-defined dictionary
CT2:dynamic:4b829172;Zodiac-408 [analysis];CT2:T \ Cryptanalysis \ Classical \ Zodiac-408 Analysis
CT2:dynamic:4ec49b37;AES [analysis];CT2:T \ Cryptanalysis \ Modern \ AES Analysis using Entropy (1)
CT2:dynamic:3e7da342;AES [analysis];CT2:T \ Cryptanalysis \ Modern \ AES Analysis using Entropy (2) – with changeable plaintext
CT2:dynamic:16b4e535;AES [analysis];CT2:T \ Cryptanalysis \ Modern \ AES Known-Plaintext Analysis (1)
CT2:dynamic:8a60556f;AES [analysis];CT2:T \ Cryptanalysis \ Modern \ AES Known-Plaintext Analysis (2)
CT2:dynamic:2ceb85ce;Avalanche effect;CT2:T \ Cryptanalysis \ Modern \ Avalanche (AES)
CT2:dynamic:487b3570;Avalanche effect;CT2:T \ Cryptanalysis \ Modern \ Avalanche (classic ciphers)
CT2:dynamic:a335aaff;Avalanche effect;CT2:T \ Cryptanalysis \ Modern \ Avalanche (compare classic ciphers)
CT2:dynamic:b5a8e831;Avalanche effect;CT2:T \ Cryptanalysis \ Modern \ Avalanche (DES)
CT2:dynamic:78506994;Avalanche effect;CT2:T \ Cryptanalysis \ Modern \ Avalanche (hash functions)
CT2:dynamic:e1ce73a6;Avalanche effect;CT2:T \ Cryptanalysis \ Modern \ Avalanche (modern ciphers)
CT2:dynamic:52dd0947;CBC [attack];CT2:T \ Cryptanalysis \ Modern \ CBC-Attack
CT2:dynamic:4a772367;Trivium [attack];CT2:T \ Cryptanalysis \ Modern \ Cube Attack on Trivium
CT2:dynamic:01c2c292;DES [analysis];CT2:T \ Cryptanalysis \ Modern \ DES Analysis using Entropy
CT2:dynamic:a079a64a;DES [analysis];CT2:T \ Cryptanalysis \ Modern \ DES Brute-force Analysis
CT2:dynamic:9ebef244;DES [analysis];CT2:T \ Cryptanalysis \ Modern \ DES Known-Plaintext Analysis
CT2:dynamic:1bf13fcd;Differential cryptanalysis (DCA) [visual];CT2:T \ Cryptanalysis \ Modern \ Differential Cryptanalysis Tutorial 1
CT2:dynamic:0875e33c;Differential cryptanalysis (DCA);CT2:T \ Cryptanalysis \ Modern \ Differential Cryptanalysis Tutorial 1 (automatic mode)
CT2:dynamic:38029f95;Differential cryptanalysis (DCA) [visual];CT2:T \ Cryptanalysis \ Modern \ Differential Cryptanalysis Tutorial 1 (tutorial mode)
CT2:dynamic:6f0254d5;Differential cryptanalysis (DCA) [visual];CT2:T \ Cryptanalysis \ Modern \ Differential Cryptanalysis Tutorial 2
CT2:dynamic:87010ada;Differential cryptanalysis (DCA);CT2:T \ Cryptanalysis \ Modern \ Differential Cryptanalysis Tutorial 2 (automatic mode)
CT2:dynamic:eea11c8f;Differential cryptanalysis (DCA) [visual];CT2:T \ Cryptanalysis \ Modern \ Differential Cryptanalysis Tutorial 2 (tutorial mode)
CT2:dynamic:efd62fe7;Differential cryptanalysis (DCA) [visual];CT2:T \ Cryptanalysis \ Modern \ Differential Cryptanalysis Tutorial 3
CT2:dynamic:5c18f25e;Differential cryptanalysis (DCA);CT2:T \ Cryptanalysis \ Modern \ Differential Cryptanalysis Tutorial 3 (automatic mode)
CT2:dynamic:b023cdbc;Differential cryptanalysis (DCA) [visual];CT2:T \ Cryptanalysis \ Modern \ Differential Cryptanalysis Tutorial 3 (tutorial mode)
CT2:dynamic:d066fe8d;Padding oracle attack (POA);CT2:T \ Cryptanalysis \ Modern \ Padding Oracle Attack on AES
CT2:dynamic:383536da;Padding oracle attack (POA);CT2:T \ Cryptanalysis \ Modern \ Padding Oracle Attack on DES
CT2:dynamic:2d9fac55;SDES [analysis];CT2:T \ Cryptanalysis \ Modern \ SDES Analysis using Entropy
CT2:dynamic:7ce91c8c;SDES [analysis];CT2:T \ Cryptanalysis \ Modern \ SDES Brute-force Analysis
CT2:dynamic:681fcae9;SDES [analysis];CT2:T \ Cryptanalysis \ Modern \ SDES Known-Plaintext Analysis
CT2:dynamic:a85673d5;Triple DES (3DES) [analysis];CT2:T \ Cryptanalysis \ Modern \ Triple DES Brute-force Analysis
CT2:dynamic:f086d69c;Enigma;CT2:T \ Cryptography \ Classical \ Enigma Cipher Machine
CT2:dynamic:577d7cc2;Fialka;CT2:T \ Cryptography \ Classical \ Fialka ED Check
CT2:dynamic:7c171bb3;Fialka;CT2:T \ Cryptography \ Classical \ Fialka ED Mixed Mode Check
CT2:dynamic:adbd6d2e;Fialka;CT2:T \ Cryptography \ Classical \ Fialka ED NumLock10 Check
CT2:dynamic:bf55a73a;Fialka;CT2:T \ Cryptography \ Classical \ Fialka Key Output
CT2:dynamic:1510f738;Fialka;CT2:T \ Cryptography \ Classical \ Fialka M-125-3 PROTON II
CT2:dynamic:84b882a2;Fialka;CT2:T \ Cryptography \ Classical \ Fialka M-125 PROTON I
CT2:dynamic:1694e44a;Hill cipher;CT2:T \ Cryptography \ Classical \ Hill Cipher
CT2:dynamic:2f3064ca;Homophonic substitution cipher;CT2:T \ Cryptography \ Classical \ Homophonic Substitution Cipher and Nomenclature -- Decryption
CT2:dynamic:acaa2469;Homophonic substitution cipher;CT2:T \ Cryptography \ Classical \ Homophonic Substitution Cipher and Nomenclature -- Encryption
CT2:dynamic:747cb25d;M-138;CT2:T \ Cryptography \ Classical \ M-138
CT2:dynamic:aded86a5;M209;CT2:T \ Cryptography \ Classical \ M209 Cipher Machine
CT2:dynamic:afc1b2ef;M209;CT2:T \ Cryptography \ Classical \ M209 Key Setup
CT2:dynamic:65d3b310;Navajo code;CT2:T \ Cryptography \ Classical \ Navajo Code
CT2:dynamic:de5e0a37;Nihilist cipher;CT2:T \ Cryptography \ Classical \ Nihilist Cipher
CT2:dynamic:c2f235ce;One-time pad (OTP);CT2:T \ Cryptography \ Classical \ One-time Pad Demo
CT2:dynamic:688095c5;One-time pad (OTP);CT2:T \ Cryptography \ Classical \ One-time Pad Misusage
CT2:dynamic:4821d4d9;Playfair cipher;CT2:T \ Cryptography \ Classical \ Playfair Cipher
CT2:dynamic:205951c4;Purple;CT2:T \ Cryptography \ Classical \ PURPLE Cipher Machine
CT2:dynamic:5f61cb32;Scytale;CT2:T \ Cryptography \ Classical \ Scytale Cipher
CT2:dynamic:8d33ce7e;Solitaire;CT2:T \ Cryptography \ Classical \ Solitaire Cipher
CT2:dynamic:bb4a0f5e;Spanish strip cipher (SSC);CT2:T \ Cryptography \ Classical \ Spanish Strip Cipher
CT2:dynamic:8336c464;Substitution;CT2:T \ Cryptography \ Classical \ Substitution Cipher
CT2:dynamic:b75c00c2;T-310;CT2:T \ Cryptography \ Classical \ T-310 \ 50 Cipher Machine
CT2:dynamic:aeb85981;T-310;CT2:T \ Cryptography \ Classical \ T-310 \ 51 Cipher Machine
CT2:dynamic:e8be881f;Transposition (single column transposition);CT2:T \ Cryptography \ Classical \ Transposition Cipher
CT2:dynamic:aa16b1fe;Vigenère cipher;CT2:T \ Cryptography \ Classical \ Vigenère Cipher
CT2:dynamic:6ffa84cb;XOR;CT2:T \ Cryptography \ Classical \ XOR Cipher
CT2:dynamic:2d6ca7b1;Blind signature;CT2:T \ Cryptography \ Modern \ Asymmetric \ Blind Signature Paillier
CT2:dynamic:28620e0a;Blind signature;CT2:T \ Cryptography \ Modern \ Asymmetric \ Blind Signature RSA
CT2:dynamic:2018f99f;Cramer-Shoup;CT2:T \ Cryptography \ Modern \ Asymmetric \ Cramer-Shoup with AES
CT2:dynamic:251ceabb;Paillier (homomorphic encryption);CT2:T \ Cryptography \ Modern \ Asymmetric \ Paillier Cipher (Number Input)
CT2:dynamic:2ec84efc;Paillier (homomorphic encryption);CT2:T \ Cryptography \ Modern \ Asymmetric \ Paillier Cipher (Text Input)
CT2:dynamic:d832664e;Paillier;CT2:T \ Cryptography \ Modern \ Asymmetric \ Paillier Cipher (Voting)
CT2:dynamic:2e2794f6;Paillier (homomorphic encryption);CT2:T \ Cryptography \ Modern \ Asymmetric \ Paillier Cipher with Addition
CT2:dynamic:877b1003;Paillier;CT2:T \ Cryptography \ Modern \ Asymmetric \ Paillier Cipher with Blinding
CT2:dynamic:e617d83b;Paillier;CT2:T \ Cryptography \ Modern \ Asymmetric \ Paillier Key Generator
CT2:dynamic:a61c38b5;RSA;CT2:T \ Cryptography \ Modern \ Asymmetric \ RSA Cipher
CT2:dynamic:dd4791b2;RSA;CT2:T \ Cryptography \ Modern \ Asymmetric \ RSA Decryption
CT2:dynamic:c0f99070;RSA;CT2:T \ Cryptography \ Modern \ Asymmetric \ RSA Encryption
CT2:dynamic:39b19072;RSA;CT2:T \ Cryptography \ Modern \ Asymmetric \ RSA Key Generator
CT2:dynamic:39f98258;AES;CT2:T \ Cryptography \ Modern \ Symmetric \ AES Cipher (File Input)
CT2:dynamic:54aacd63;AES;CT2:T \ Cryptography \ Modern \ Symmetric \ AES Cipher (Text Input)
CT2:dynamic:30bcc28d;AES;CT2:T \ Cryptography \ Modern \ Symmetric \ AES Cipher with SHA hashes
CT2:dynamic:924c9641;PKCS#5 AES;CT2:T \ Cryptography \ Modern \ Symmetric \ AES (ECB) with PKCS#5
CT2:dynamic:eb5dc93e;AES;CT2:T \ Cryptography \ Modern \ Symmetric \ AES encryption with implicit conversion
CT2:dynamic:275811cf;AES [visual];CT2:T \ Cryptography \ Modern \ Symmetric \ AES Visualization
CT2:dynamic:22c9485e;PKCS#5 AES;CT2:T \ Cryptography \ Modern \ Symmetric \ AES with PKCS#5
CT2:dynamic:8193e714;Block mode;CT2:T \ Cryptography \ Modern \ Symmetric \ Block Modes of Symmetric Ciphers
CT2:dynamic:14ff8bbc;DES;CT2:T \ Cryptography \ Modern \ Symmetric \ DES Cipher
CT2:dynamic:a4f749cc;DES;CT2:T \ Cryptography \ Modern \ Symmetric \ DES Complementation Property
CT2:dynamic:a3d6cc4e;DES [visual];CT2:T \ Cryptography \ Modern \ Symmetric \ DES Visualization
CT2:dynamic:8f95a066;Grain;CT2:T \ Cryptography \ Modern \ Symmetric \ Grain v1 Cipher
CT2:dynamic:9502c190;HC128;CT2:T \ Cryptography \ Modern \ Symmetric \ HC128 Cipher
CT2:dynamic:765b42d7;Keccak (hash, cipher, PRNG);CT2:T \ Cryptography \ Modern \ Symmetric \ Keccak Cipher
CT2:dynamic:b827ce06;Mickey 2;CT2:T \ Cryptography \ Modern \ Symmetric \ Mickey 2 Cipher
CT2:dynamic:e2bdb7b6;PRESENT;CT2:T \ Cryptography \ Modern \ Symmetric \ PRESENT Cipher
CT2:dynamic:83ef1e9d;Rabbit;CT2:T \ Cryptography \ Modern \ Symmetric \ Rabbit Cipher
CT2:dynamic:595a34d1;RC2;CT2:T \ Cryptography \ Modern \ Symmetric \ RC2 Cipher
CT2:dynamic:9248f596;RC4;CT2:T \ Cryptography \ Modern \ Symmetric \ RC4 Cipher
CT2:dynamic:633504d7;Salsa20;CT2:T \ Cryptography \ Modern \ Symmetric \ Salsa20 Cipher
CT2:dynamic:ec06f540;SDES;CT2:T \ Cryptography \ Modern \ Symmetric \ SDES Cipher
CT2:dynamic:ab477584;Sosemanuk;CT2:T \ Cryptography \ Modern \ Symmetric \ Sosemanuk Cipher
CT2:dynamic:56fce376;TEA;CT2:T \ Cryptography \ Modern \ Symmetric \ TEA Cipher
CT2:dynamic:a1baf81c;Triple DES (3DES);CT2:T \ Cryptography \ Modern \ Symmetric \ Triple DES Cipher
CT2:dynamic:af0ce5d4;Twofish;CT2:T \ Cryptography \ Modern \ Symmetric \ Twofish Cipher
CT2:dynamic:7935241d;Block mode [visual];CT2:T \ Experimental \ Blockmode Visualizer
CT2:dynamic:5e7de1a6;CypherMatrix;CT2:T \ Experimental \ CypherMatrix Cipher
CT2:dynamic:b09f171e;CypherMatrix;CT2:T \ Experimental \ CypherMatrix Cipher (File Input)
CT2:dynamic:93ff7e36;Encrypted VM;CT2:T \ Experimental \ Encrypted VM (Machine Code Output)
CT2:dynamic:6c89cceb;Encrypted VM;CT2:T \ Experimental \ Encrypted VM (Simple Example)
CT2:dynamic:fa86b2b3;Encrypted VM;CT2:T \ Experimental \ Encrypted VM (Very long Execution Time)
CT2:dynamic:ce4a9661;Encrypted VM;CT2:T \ Experimental \ Encrypted VM (Wrong Number of Cycles)
CT2:dynamic:d36a5f14;Factorization of a number;CT2:T \ Experimental \ Factorization with General Number Field Sieve (GNFS)
CT2:dynamic:af6c864f;Factorization of a number;CT2:T \ Experimental \ Factorization with NFSFactorizer
CT2:dynamic:e0c35294;SIGABA [analysis];CT2:T \ Experimental \ SIGABA bruteforce Analysis
CT2:dynamic:734b4e59;SIGABA [analysis];CT2:T \ Experimental \ SIGABA contraposition Analysis
CT2:dynamic:ef11eb22;Spanish strip cipher (SSC) [analysis];CT2:T \ Experimental \ Spanish Strip Cipher Analyzer
CT2:dynamic:0e2d21d1;BLAKE;CT2:T \ Hash Functions \ BLAKE
CT2:dynamic:05c86955;Cyclic redundancy check (CRC);CT2:T \ Hash Functions \ CRC
CT2:dynamic:7fa57f5e;Dictionary [attack];CT2:T \ Hash Functions \ Dictionary Attack on a password hash value
CT2:dynamic:5abf8c83;Grøstl;CT2:T \ Hash Functions \ Grøstl
CT2:dynamic:27c43121;ImageHash;CT2:T \ Hash Functions \ ImageHash
CT2:dynamic:8108576e;ImageHash;CT2:T \ Hash Functions \ ImageHash -- smooth comparison
CT2:dynamic:1f3381ca;Key derivation function (KDF);CT2:T \ Hash Functions \ KDF Performance Comparison (without presentation)
CT2:dynamic:1a8acc0a;Key derivation function (KDF);CT2:T \ Hash Functions \ KDF Performance Comparison (with presentation)
CT2:dynamic:d3cfb48d;Keccak (hash, cipher, PRNG);CT2:T \ Hash Functions \ Keccak Hash (SHA-3)
CT2:dynamic:42530bf8;MD5;CT2:T \ Hash Functions \ MD5
CT2:dynamic:794f15b7;BLAKE;CT2:T \ Hash Functions \ Password storage using salted BLAKE-256
CT2:dynamic:51a0bd50;BLAKE;CT2:T \ Hash Functions \ Password verification using salted BLAKE-256
CT2:dynamic:db1bca27;Grøstl;CT2:T \ Hash Functions \ Password storage using salted Grøstl-256
CT2:dynamic:25a979a1;Grøstl;CT2:T \ Hash Functions \ Password verification using salted Grøstl-256
CT2:dynamic:481a3724;PBKDF-1 (PKCS#5 2.0);CT2:T \ Hash Functions \ PBKDF-1 (PKCS#5 2.0)
CT2:dynamic:39143e5b;RIPEMD;CT2:T \ Hash Functions \ RIPEMD160
CT2:dynamic:a9a54492;SHA;CT2:T \ Hash Functions \ SHA-1
CT2:dynamic:63b163ea;SHA;CT2:T \ Hash Functions \ SHA-1 Collision
CT2:dynamic:bb372c2c;SHA;CT2:T \ Hash Functions \ SHA-256
CT2:dynamic:519dfc31;Tiger;CT2:T \ Hash Functions \ Tiger
CT2:dynamic:9b858d6e;Whirlpool;CT2:T \ Hash Functions \ Whirlpool
CT2:dynamic:28affbe7;Decimalization;CT2:T \ Mathematics \ Decimalization
CT2:dynamic:540a9444;Discrete logarithm;CT2:T \ Mathematics \ Discrete Logarithm
CT2:dynamic:db5911aa;Factorization of a number;CT2:T \ Mathematics \ Factorization with Quadratic Sieve (QS)
CT2:dynamic:8d09be5b;Factorization of a number;CT2:T \ Mathematics \ Factorization with Trial Division (brute-force)
CT2:dynamic:2f4611a6;Hamming distance;CT2:T \ Mathematics \ Hamming Distance
CT2:dynamic:08115411;ISAP bit commitment scheme;CT2:T \ Mathematics \ ISAP Bit Commitment Scheme
CT2:dynamic:686cf64a;Levenshtein distance;CT2:T \ Mathematics \ Levenshtein Distance
CT2:dynamic:ec5a486c;Primes (generators, tests, factorization, tutorials);CT2:T \ Mathematics \ Next Smaller Prime Number
CT2:dynamic:87ed6426;NLFSR;CT2:T \ Mathematics \ Non-Linear Feedback Shift Register (NLFSR)
CT2:dynamic:f864640d;Primes (generators, tests, factorization, tutorials);CT2:T \ Mathematics \ Primes Generator
CT2:dynamic:bd5d19ab;Primes (generators, tests, factorization, tutorials);CT2:T \ Mathematics \ Primes Test
CT2:dynamic:d515fa96;SAT solver;CT2:T \ Mathematics \ SAT Solver (File Input)
CT2:dynamic:dc80e474;SAT solver;CT2:T \ Mathematics \ SAT Solver (Text Input)
CT2:dynamic:6bfd9e05;Key exchange (BB84);CT2:T \ Protocols \ BB84 Key Exchange
CT2:dynamic:4849fe47;Key exchange (BB84);CT2:T \ Protocols \ BB84 Key Exchange with eavesdropping attack
CT2:dynamic:0d6cc2ea;Coin flipping protocol;CT2:T \ Protocols \ Coin Flipping Protocol
CT2:dynamic:88b0579e;Virtual smartcard;CT2:T \ Protocols \ Communication with a SmartCard
CT2:dynamic:0597c452;Key exchange (Diffie-Hellman DH);CT2:T \ Protocols \ Diffie-Hellman Key-Exchange
CT2:dynamic:00553e82;Key exchange (Diffie-Hellman DH);CT2:T \ Protocols \ Diffie-Hellman Key-Exchange over network
CT2:dynamic:5c570de3;Dining cryptographers protocol;CT2:T \ Protocols \ Dining Cryptographers Protocol
CT2:dynamic:5777d7b1;Heartbleed [analysis];CT2:T \ Protocols \ Heartbleed Test
CT2:dynamic:7fc722b4;HTTP protocol;CT2:T \ Protocols \ HTTP Request
CT2:dynamic:30af03b0;Oblivious transfer protocol (MPC);CT2:T \ Protocols \ Oblivious Transfer Protocol (1 out of n)
CT2:dynamic:411a6008;Simple multi-client communication -- Applied Cryptography;CT2:T \ Protocols \ Simple Multi Client Communication
CT2:dynamic:e66f4e2a;Simple webserver;CT2:T \ Protocols \ Simple Webserver
CT2:dynamic:4ed6f2df;WEP [attack];CT2:T \ Protocols \ WEP Attack
CT2:dynamic:6e911c84;Yao's millionaire problem (protocol) (MPC);CT2:T \ Protocols \ Yao's Millionaire Problem Protocol
CT2:dynamic:7c8c1220;Zero knowledge protocol;CT2:T \ Protocols \ Zero Knowledge Protocol
CT2:dynamic:60fe9232;Watermark creator;CT2:T \ Steganography \ Watermark Creator -- invisible watermark
CT2:dynamic:2b38cb12;Watermark creator;CT2:T \ Steganography \ Watermark Creator -- Robustness
CT2:dynamic:765d6bef;Watermark creator;CT2:T \ Steganography \ Watermark Creator -- visible watermark
CT2:dynamic:776aa0fb;Visual codes (QR, EAN8, WAN13, Code39, Code128, PDF417);CT2:W \ Codes \ Create visual code
CT2:dynamic:bd5e70f3;Visual codes (QR, EAN8, WAN13, Code39, Code128, PDF417);CT2:W \ Codes \ Decode visual code
CT2:dynamic:d106fa29;Encoding;CT2:W \ Codes \ Encoding
CT2:dynamic:bbf7c50c;Morse code;CT2:W \ Codes \ Morse Code
CT2:dynamic:763babf1;Enigma [attack];CT2:W \ Cryptanalysis \ Classic Encryption \ Enigma
CT2:dynamic:c0dad16f;Substitution [analysis];CT2:W \ Cryptanalysis \ Classic Encryption \ Monoalphabetic Substitution
CT2:dynamic:cc3ff38a;Scytale [analysis];CT2:W \ Cryptanalysis \ Classic Encryption \ Scytale
CT2:dynamic:94f36bdc;Transposition [analysis];CT2:W \ Cryptanalysis \ Classic Encryption \ Transposition \ Brute-force
CT2:dynamic:ba35211d;Crib [analysis];CT2:W \ Cryptanalysis \ Classic Encryption \ Transposition \ Crib
CT2:dynamic:317e0545;Transposition [analysis];CT2:W \ Cryptanalysis \ Classic Encryption \ Transposition \ Genetic
CT2:dynamic:4adce5d9;Vigenère [analysis];CT2:W \ Cryptanalysis \ Classic Encryption \ Vigenère
CT2:dynamic:3ad8b78a;RSA [attack];CT2:W \ Cryptanalysis \ Modern Encryption \ Asymmetric Encryption \ RSA
CT2:dynamic:65b87c0a;MD5 [analysis];CT2:W \ Cryptanalysis \ Modern Encryption \ Hash Functions \ MD5
CT2:dynamic:b2c8705f;AES [analysis];CT2:W \ Cryptanalysis \ Modern Encryption \ Symmetric Encryption \ AES \ Ciphertext-only
CT2:dynamic:ebbb6301;AES [analysis];CT2:W \ Cryptanalysis \ Modern Encryption \ Symmetric Encryption \ AES \ Known plaintext
CT2:dynamic:57b16cde;DES [analysis];CT2:W \ Cryptanalysis \ Modern Encryption \ Symmetric Encryption \ DES \ Known plaintext
CT2:dynamic:8c203ce9;SDES [analysis];CT2:W \ Cryptanalysis \ Modern Encryption \ Symmetric Encryption \ SDES \ Ciphertext-only
CT2:dynamic:50aa0df7;SDES [analysis];CT2:W \ Cryptanalysis \ Modern Encryption \ Symmetric Encryption \ SDES \ Known plaintext
CT2:dynamic:047a7e5a;Enigma;CT2:W \ Encryption \ Decryption \ Classic Encryption \ Decryption \ Enigma
CT2:dynamic:2d6af45b;Playfair cipher;CT2:W \ Encryption \ Decryption \ Classic Encryption \ Decryption \ Playfair
CT2:dynamic:964f6ffa;Scytale;CT2:W \ Encryption \ Decryption \ Classic Encryption \ Decryption \ Scytale
CT2:dynamic:277fb15d;Substitution;CT2:W \ Encryption \ Decryption \ Classic Encryption \ Decryption \ Substitution
CT2:dynamic:442a3beb;Transposition (single column transposition);CT2:W \ Encryption \ Decryption \ Classic Encryption \ Decryption \ Transposition
CT2:dynamic:9c264a7e;Vigenère cipher;CT2:W \ Encryption \ Decryption \ Classic Encryption \ Decryption \ Vigenère
CT2:dynamic:18f361f5;XOR;CT2:W \ Encryption \ Decryption \ Classic Encryption \ Decryption \ XOR
CT2:dynamic:4924fef3;RSA;CT2:W \ Encryption \ Decryption \ Modern Encryption \ Decryption \ Asymmetric Encryption \ Decryption \ RSA \ RSA Decryption
CT2:dynamic:b24c3947;RSA;CT2:W \ Encryption \ Decryption \ Modern Encryption \ Decryption \ Asymmetric Encryption \ Decryption \ RSA \ RSA Encryption
CT2:dynamic:ad93539b;AES;CT2:W \ Encryption \ Decryption \ Modern Encryption \ Decryption \ Symmetric Encryption \ Decryption \ AES
CT2:dynamic:df6cac56;DES;CT2:W \ Encryption \ Decryption \ Modern Encryption \ Decryption \ Symmetric Encryption \ Decryption \ DES
CT2:dynamic:6bc70544;RC2;CT2:W \ Encryption \ Decryption \ Modern Encryption \ Decryption \ Symmetric Encryption \ Decryption \ RC2
CT2:dynamic:efc43b46;SDES;CT2:W \ Encryption \ Decryption \ Modern Encryption \ Decryption \ Symmetric Encryption \ Decryption \ SDES
CT2:dynamic:9ac0c18b;TEA;CT2:W \ Encryption \ Decryption \ Modern Encryption \ Decryption \ Symmetric Encryption \ Decryption \ TEA
CT2:dynamic:bd4bb509;Twofish;CT2:W \ Encryption \ Decryption \ Modern Encryption \ Decryption \ Symmetric Encryption \ Decryption \ Twofish
CT2:dynamic:2399720b;Factorization of a number;CT2:W \ Mathematical Functions \ Prime Factorization
CT2:dynamic:155cbce6;Primes (generators, tests, factorization, tutorials);CT2:W \ Mathematical Functions \ Prime Operations \ Prime Number Generation
CT2:dynamic:69a152a0;Lattice [visual];CT2:N \ Crypto tutorials \ Lattice-based cryptography \ Lattice-based cryptography \ LWE
CT2:dynamic:18e48df5;Lattice [visual];CT2:N \ Crypto tutorials \ Lattice-based cryptography \ Shortest Vector Problem (SVP) \ Gauss algorithm
CT2:dynamic:4ec98ac2;Lattice [visual];CT2:N \ Crypto tutorials \ Lattice-based cryptography \ Shortest Vector Problem (SVP) \ LLL algorithm
CT2:dynamic:ab0d49bd;Lattice [visual];CT2:N \ Crypto tutorials \ Lattice-based cryptography \ Closest Vector Problem (CVP) \ Find closest vector
CT2:dynamic:2620c2bd;Lattice [attack];CT2:N \ Crypto tutorials \ Lattice-based cryptography \ Lattice-based cryptanalysis \ Merkle-Hellman Knapsack
CT2:dynamic:92ccea3d;Lattice [attack];CT2:N \ Crypto tutorials \ Lattice-based cryptography \ Lattice-based cryptanalysis \ RSA (Coppersmith's attack)
CT2:dynamic:079b6361;Lattice [visual];CT2:N \ Crypto tutorials \ Lattice-based cryptography \ Lattice-based cryptography \ GGH
CT2:dynamic:783e7115;Lattice [visual];CT2:N \ Crypto tutorials \ Lattice-based cryptography
CT2:dynamic:c3e2ccef;Primes (generators, tests, factorization, tutorials);CT2:N \ Crypto tutorials \ World of Primes
CT2:dynamic:94a26176;Primes (generators, tests, factorization, tutorials);CT2:N \ Crypto tutorials \ World of Primes \ Distribution of primes \ Number grid
CT2:dynamic:2a6ea5d0;Primes (generators, tests, factorization, tutorials);CT2:N \ Crypto tutorials \ World of Primes \ Distribution of primes \ Number line
CT2:dynamic:149fc1bd;Primes (generators, tests, factorization, tutorials);CT2:N \ Crypto tutorials \ World of Primes \ Distribution of primes \ Number of primes
CT2:dynamic:15cf60e7;Primes (generators, tests, factorization, tutorials);CT2:N \ Crypto tutorials \ World of Primes \ Distribution of primes \ Ulam's spiral
CT2:dynamic:72e2365e;Factorization of a number;CT2:N \ Crypto tutorials \ World of Primes \ Factorization \ Brute-force
CT2:dynamic:5dc80c8d;Factorization of a number;CT2:N \ Crypto tutorials \ World of Primes \ Factorization \ Quadratic Sieve
CT2:dynamic:e62aeb6a;Primes (generators, tests, factorization, tutorials);CT2:N \ Crypto tutorials \ World of Primes \ Generation of primes \ Generation of primes
CT2:dynamic:255d325c;Number theory (also see Primes);CT2:N \ Crypto tutorials \ World of Primes \ Number theory \ Goldbach's conjecture
CT2:dynamic:a7fc3c90;Number theory (also see Primes);CT2:N \ Crypto tutorials \ World of Primes \ Number theory \ Number-theoretic functions
CT2:dynamic:416edc6a;Primes (generators, tests, factorization, tutorials);CT2:N \ Crypto tutorials \ World of Primes \ Number theory \ Powering
CT2:dynamic:9af40e0f;Number theory (also see Primes);CT2:N \ Crypto tutorials \ World of Primes \ Number theory \ Primitive roots
CT2:dynamic:f8b8cae6;Primes (generators, tests, factorization, tutorials);CT2:N \ Crypto tutorials \ World of Primes \ Primality test \ Miller-Rabin test
CT2:dynamic:b1df4be6;Primes (generators, tests, factorization, tutorials);CT2:N \ Crypto tutorials \ World of Primes \ Primality test \ Sieve of Atkin
CT2:dynamic:bb65191f;Primes (generators, tests, factorization, tutorials);CT2:N \ Crypto tutorials \ World of Primes \ Primality test \ Sieve of Eratosthenes
CT2:dynamic:8422d4a8;PKCS#5 AES;CT2:T \ Codes \ AES (CBC) with PKCS#5 and IV, output as QR Code
CT2:dynamic:1e4e5830;Classical ciphers [analysis];CT2:T \ Cryptanalysis \ Classical \ Statistic Tests for Classical Ciphers
CT2:dynamic:428d96db;PKCS#5 AES;CT2:T \ Cryptography \ Modern \ Symmetric \ AES (CBC) with PKCS#5 and IV
CT2:dynamic:b78d06b0;Webhits for a hash value;CT2:T \ Experimental \ Webhits for a hash value
CT2:dynamic:6c794f0b;Boolean functions;CT2:T \ Mathematics \ Booleans
CT2:dynamic:86a23f55;Boolean functions;CT2:T \ Mathematics \ Loop (1)
CT2:dynamic:1e1a9d0f;Steganography;CT2:T \ Steganography \ Steganography Insertion Decryption
CT2:dynamic:65d2a1da;Steganography;CT2:T \ Steganography \ Steganography Insertion Encryption
CT2:dynamic:d659e1bf;Steganography;CT2:T \ Steganography \ Steganography Least Significant Bit Data Transfer
CT2:dynamic:a51fbbc4;Steganography;CT2:T \ Steganography \ Steganography Least Significant Bit Decryption
CT2:dynamic:c54ed297;Steganography;CT2:T \ Steganography \ Steganography Least Significant Bit Encryption
CT2:dynamic:df38fa6b;Steganography;CT2:T \ Steganography \ Steganography Permutation Decryption
CT2:dynamic:95987fd9;Steganography;CT2:T \ Steganography \ Steganography Permutation Encryption
CT2:dynamic:e45d3a88;Steganography;CT2:T \ Steganography \ Steganography Permutation Image Transfer
CT2:dynamic:15f7c45c;Key derivation function (KDF);CT2:C \ Hash functions \ HKDF SHA-256
CT2:dynamic:9fcf4a3c;Key derivation function (KDF);CT2:C \ Hash functions \ KKDF SHA-256
CT2:dynamic:196bb0e4;Key derivation function (KDF);CT2:C \ Hash functions \ KKDF SHAKE256
CT2:dynamic:bdcd691b;SOAP;CT2:C \ Protocols \ SoapMessage
CT2:dynamic:9890cbfd;WebService;CT2:C \ Protocols \ WebService
CT2:dynamic:66573448;Factorization of a number;CT2:C \ Cryptanalysis \ Generic \ NFS Factorizer
CT2:dynamic:2d86a530;Transcriptor [analysis];CT2:C \ Cryptanalysis \ Generic \ Transcriptor
CT2:dynamic:3a211673;Specific cryptanalysis;CT2:C \ Cryptanalysis \ Specific \ Alg.Attack: Compute annihilators
CT2:dynamic:9ffdb569;Specific cryptanalysis;CT2:C \ Cryptanalysis \ Specific \ Alg. attack: Compute XZ
CT2:dynamic:43070cb5;Specific cryptanalysis;CT2:C \ Cryptanalysis \ Specific \ Alg. attack: System of equations
CT2:dynamic:b006a797;DECODE database;CT2:C \ DECRYPT Project \ DECODEClustererCaption
CT2:dynamic:3b937294;DECODE database;CT2:C \ DECRYPT Project \ DECODE Decipherer
CT2:dynamic:4a772ddd;DECODE database;CT2:C \ DECRYPT Project \ DECODE Downloader
CT2:dynamic:9e878763;DECODE database;CT2:C \ DECRYPT Project \ DecodeParserTesterCaption
CT2:dynamic:089cb959;DECODE database;CT2:C \ DECRYPT Project \ DECODESymbolHeatmapCaption
CT2:dynamic:0e663871;Word pattern [analysis];CT2:C \ Cryptanalysis \ Generic \ Word Patterns
CT2:dynamic:c46e3816;Tools;CT2:C \ Cryptanalysis \ Generic \ Contains
CT2:dynamic:b03e2260;Tools;CT2:C \ Cryptanalysis \ Generic \ CryptAnalysisEvaluator
CT2:dynamic:9cd98f7e;Tools;CT2:C \ Cryptanalysis \ Generic \ EvaluationContainerInput
CT2:dynamic:a44d2f22;Tools;CT2:C \ Cryptanalysis \ Generic \ TestVectorGenerator
CT2:dynamic:68b647e4;LFSR;CT2:T \ Mathematics \ Linear Feedback Shift Register (LFSR)
CT2:dynamic:81b24550;Format preserving encryption (FPE) (FF1, FF2, FF3 and DFF);CT2:T \ Cryptography \ Modern \ Symmetric \ Format Preserving Encryption (XML)
CT2:dynamic:6e9f6b85;Format preserving encryption (FPE) (FF1, FF2, FF3 and DFF);CT2:T \ Cryptography \ Modern \ Symmetric \ Format Preserving Encryption
CT2:dynamic:cba7af09;RSA [attack];CT2:T \ Cryptanalysis \ Modern \ RSA Common Factor Attack
CT2:dynamic:bdcf08da;Vernam;CT2:T \ Cryptography \ Classical \ Vernam Cipher
CT2:dynamic:cf31bf8c;PKCS#1 [attack];CT2:N \ Crypto tutorials \ Attacks on PKCS#1
CT2:dynamic:ca767806;PKCS#1 [attack];CT2:N \ Crypto tutorials \ Attacks on PKCS#1 \ Attacks on PKCS#1 \ Bleichenbacher attack
CT2:dynamic:3beb44d9;PKCS#1 [attack];CT2:N \ Crypto tutorials \ Attacks on PKCS#1 \ Attacks on PKCS#1 \ Attack with shorter keys (Kuehn)
CT2:dynamic:c1cd3d4b;Powering [visual];CT2:N \ Crypto tutorials \ World of Primes \ Number theory \ Powering (iterating exponent)
CT2:dynamic:99f672d0;Powering [visual];CT2:N \ Crypto tutorials \ World of Primes \ Number theory \ Powering (iterating base)
CT2:dynamic:c90462f2;Password hash (SHA-1);CT2:T \ Hash Functions \ Password store using salted SHA-1
CT2:dynamic:7a8d740b;Password hash (SHA-1);CT2:T \ Hash Functions \ Password verification using salted SHA-1
CT2:dynamic:3c522033;Data flow;CT2:T \ Tools \ Loop
CT2:dynamic:4edde24e;Powering [visual];CT2:N \ Crypto tutorials \ World of Primes \ Number theory \ Powering (iterating base)(RSA)
CT2:dynamic:2b853e2f;ADFGX / ADFGVX;CT2:C \ Cryptanalysis \ Specific \ ADFGVX Analyzer
CT2:dynamic:aa04cec3;Data flow;CT2:C \ Tools \ Data flow \ Concatenate
CT2:dynamic:048091e9;Pseudo random number generator (PRNG);CT2:C \ Tools \ Random Number \ LFSR
CT2:dynamic:673b38bc;Pseudo random number generator (PRNG);CT2:C \ Tools \ Random Number \ NLFSR
CT2:dynamic:0d5e7807;Data flow;CT2:C \ Tools \ Codes \ String Decoder
CT2:dynamic:480713f6;Data flow;CT2:C \ Tools \ Codes \ String Encoder
CT2:dynamic:536baf7e;Huffman;CT2:C \ Tools \ Codes \ Huffman
CT2:dynamic:4c4e29cb;Morse code;CT2:C \ Tools \ Codes \ Morse Code
CT2:dynamic:0d84d4b4;Padding oracle attack (POA);CT2:C \ Cryptanalysis \ Specific \ Padding Oracle
CT2:dynamic:0e0a99fd;Padding oracle attack (POA);CT2:C \ Cryptanalysis \ Specific \ Padding Oracle Attack
CT2:dynamic:da30d6be;Pseudo random number generator (PRNG);CT2:C \ Tools \ Random Number \ Random Number Generator
CT2:dynamic:b5cd4f04;SAT solver;CT2:C \ Cryptanalysis \ Generic \ SAT Solver
CT2:dynamic:8bee545d;Visual codes (QR, EAN8, WAN13, Code39, Code128, PDF417);CT2:C \ Tools \ Codes \ Visual Decoder
CT2:dynamic:5b71c797;Visual codes (QR, EAN8, WAN13, Code39, Code128, PDF417);CT2:C \ Tools \ Codes \ Visual Encoder
CT2:dynamic:22a44114;Data input/output;CT2:C \ Tools \ Data input/output \ Camera
CT2:dynamic:8f233a40;Alphabets;CT2:T \ Tools \ Usage of Alphabets and Alphabet Permutator
CT2:dynamic:92413bc4;LAMBDA1;CT2:C \ Classic Ciphers \ LAMBDA1
CT2:dynamic:a2aaa1c6;LAMBDA1;CT2:T \ Cryptography \ Modern \ Symmetric \ LAMBDA1 block cipher
CT2:dynamic:0d2cebae;Speck cipher;CT2:C \ Modern Ciphers \ Symmetric \ Speck
CT2:dynamic:6adf7cdb;Speck cipher;CT2:T \ Cryptography \ Modern \ Symmetric \ Speck Cipher
